Week,Activity Week Label,Activity Desc,Activity Name,Activity Type,Activity Type Name,Location Name,Start Date Time,End Date Time,Day,Staff
6,,MA02610 LECTURE 1,MA02610/L/1/01,Lecture,LECTURE,LL-C64,30/09/2024 @ 09:00:00,30/09/2024 @ 10:00:00,Monday,"Mughal, Adil"
6,,,"MA20110/L/1/01, MT20110/L/1/01",Lecture,LECTURE,MP-0.10,30/09/2024 @ 10:00:00,30/09/2024 @ 11:00:00,Monday,"Douglas, Robert"
6,,MA30510 LECTURE 2,MA30510/L/2/01,Lecture,LECTURE,LL-C64,30/09/2024 @ 11:00:00,30/09/2024 @ 12:00:00,Monday,"Mughal, Adil"
6,,,"MAM5120/L/1/01, PGM2810/L/1/01",Lecture,LECTURE,MP-0.15,30/09/2024 @ 11:00:00,30/09/2024 @ 12:00:00,Monday,"Kenobi, Kim"
6,,MA15110 LECTURE 1,MA15110/L/1/01,Lecture,LECTURE,MP-3.02,30/09/2024 @ 12:00:00,30/09/2024 @ 13:00:00,Monday,"Mughal, Adil;<br>Vellender, Adam;<br>Mishuris, Gennady;<br>Douglas, Robert"
6,,MA20310 LECTURE 3,MA20310/L/3/01,Lecture,LECTURE,LL-G3,30/09/2024 @ 13:00:00,30/09/2024 @ 14:00:00,Monday,"Evans, Gwion"
6,,MA34610 LECTURE 2,MA34610/L/2/01,Lecture,LECTURE,LL-C64,30/09/2024 @ 15:00:00,30/09/2024 @ 16:00:00,Monday,"Cox, Simon"
6,,,"MA10310/L/1/01, MT10310/L/1/01",Lecture,LECTURE,MP-0.10,30/09/2024 @ 16:00:00,30/09/2024 @ 17:00:00,Monday,"Pitchford, Alexander"
6,,,"MA30210/L/2/01, MT30210/L/2/01",Lecture,LECTURE,MP-0.11,30/09/2024 @ 17:00:00,30/09/2024 @ 18:00:00,Monday,"Douglas, Robert"
6,,MA26010 LECTURE 1,MA26010/L/1/01,Lecture,LECTURE,MP-3.02,01/10/2024 @ 09:00:00,01/10/2024 @ 10:00:00,Tuesday,"Kiukas, Jukka"
6,,MT39020 FIELD TRIP 1,MT39020/F/1/01,Field Trip,FIELD TRIP,,01/10/2024 @ 09:00:00,01/10/2024 @ 16:00:00,Tuesday,
6,,,"MA10510/L/2/01, MT10510/L/2/01",Lecture,LECTURE,MP-0.15,01/10/2024 @ 09:00:00,01/10/2024 @ 10:00:00,Tuesday,"Evans, Gwion"
6,,MA10720 SEMINAR 1,MA10720/S/1/01,Seminar,SEMINAR,VC-B1.07,01/10/2024 @ 10:00:00,01/10/2024 @ 12:00:00,Tuesday,"Kenobi, Kim;<br>Gohm, Rolf;<br>Cox, Simon"
6,,MA30510 LECTURE 1,MA30510/L/1/01,Lecture,LECTURE,HO-C6,01/10/2024 @ 10:00:00,01/10/2024 @ 11:00:00,Tuesday,"Mughal, Adil"
6,,,"MA32610/L/1/01, MAM2620/L/1/01",Lecture,LECTURE,LL-G3,01/10/2024 @ 11:00:00,01/10/2024 @ 12:00:00,Tuesday,"Gohm, Rolf"
6,,,"MA25220/P/1/01, MT25220/P/1/01",Practical,PRACTICAL,MP-3.03,01/10/2024 @ 12:00:00,01/10/2024 @ 14:00:00,Tuesday,"Davies, Tudur"
6,,,"MA33310/L/1/01, MAM3320/L/1/01",Lecture,LECTURE,MP-0.10,01/10/2024 @ 12:00:00,01/10/2024 @ 13:00:00,Tuesday,"Peck, Daniel"
6,,MA01020 TUTORIAL 1,MA01020/T/1/01,Tutorial,TUTORIAL,MP-0.11,01/10/2024 @ 14:00:00,01/10/2024 @ 16:00:00,Tuesday,"Pitchford, Alexander;<br>Rogers, Rosemary"
6,,MA20310 LECTURE 2,MA20310/L/2/01,Lecture,LECTURE,EL-1.16,01/10/2024 @ 15:00:00,01/10/2024 @ 16:00:00,Tuesday,"Evans, Gwion"
6,,MA36510 LECTURE 2,MA36510/L/2/01,Lecture,LECTURE,MP-3.05,01/10/2024 @ 15:00:00,01/10/2024 @ 16:00:00,Tuesday,"Kiukas, Jukka"
6,,MAM3320 LECTURE 3,MAM3320/L/3/01,Lecture,LECTURE,MP-3.02,01/10/2024 @ 15:00:00,01/10/2024 @ 16:00:00,Tuesday,"Peck, Daniel"
6,,MA37810 LECTURE 2,MA37810/L/2/01,Lecture,LECTURE,GR-0.30,01/10/2024 @ 16:00:00,01/10/2024 @ 17:00:00,Tuesday,"Kenobi, Kim"
6,,,"MP10610/L/2/01, MT10610/L/2/01",Lecture,LECTURE,EL-0.26,01/10/2024 @ 16:00:00,01/10/2024 @ 17:00:00,Tuesday,"Davies, Tudur"
6,,MA30110 LECTURE 1,MA30110/L/1/01,Lecture,LECTURE,LL-C64,02/10/2024 @ 09:00:00,02/10/2024 @ 10:00:00,Wednesday,"Gohm, Rolf"
6,,,"MA10110/L/2/01, MT10110/L/2/01",Lecture,LECTURE,MP-0.11,02/10/2024 @ 10:00:00,02/10/2024 @ 11:00:00,Wednesday,"Cox, Simon"
6,,,"MA30210/L/1/01, MT30210/L/1/01",Lecture,LECTURE,LL-C64,02/10/2024 @ 10:00:00,02/10/2024 @ 11:00:00,Wednesday,"Douglas, Robert"
6,,MA34610 LECTURE 1,MA34610/L/1/01,Lecture,LECTURE,LL-C64,02/10/2024 @ 11:00:00,02/10/2024 @ 12:00:00,Wednesday,"Cox, Simon"
6,,,"MA20110/L/2/01, MT20110/L/2/01",Lecture,LECTURE,MP-0.10,02/10/2024 @ 11:00:00,02/10/2024 @ 12:00:00,Wednesday,"Douglas, Robert"
6,,MA26620 LECTURE 1,MA26620/L/1/01,Lecture,LECTURE,LL-G3,02/10/2024 @ 12:00:00,02/10/2024 @ 13:00:00,Wednesday,"Vellender, Adam"
6,,MA36510 LECTURE 1,MA36510/L/1/01,Lecture,LECTURE,MP-3.05,03/10/2024 @ 09:00:00,03/10/2024 @ 10:00:00,Thursday,"Kiukas, Jukka"
6,,MT39020 LECTURE 1,MT39020/L/1/01,Lecture,LECTURE,MP-3.05,03/10/2024 @ 10:00:00,03/10/2024 @ 11:00:00,Thursday,"Davies, Tudur"
6,,,"MA34110/L/2/01, MT34110/L/2/01",Lecture,LECTURE,LL-C64,03/10/2024 @ 11:00:00,03/10/2024 @ 12:00:00,Thursday,"Vellender, Adam"
6,,,"MA10310/L/2/01, MT10310/L/2/01",Lecture,LECTURE,MP-0.10,03/10/2024 @ 12:00:00,03/10/2024 @ 13:00:00,Thursday,"Pitchford, Alexander"
6,,,"MAM5120/P/1/01, PGM2810/P/1/01",Practical,PRACTICAL,MP-3.03,03/10/2024 @ 12:00:00,03/10/2024 @ 14:00:00,Thursday,"Kenobi, Kim"
6,,,"MA33310/L/2/01, MAM3320/L/2/01",Lecture,LECTURE,LL-C64,03/10/2024 @ 13:00:00,03/10/2024 @ 14:00:00,Thursday,"Peck, Daniel"
6,,,"MA10110/L/1/01, MT10110/L/1/01",Lecture,LECTURE,MP-0.10,03/10/2024 @ 14:00:00,03/10/2024 @ 15:00:00,Thursday,"Cox, Simon"
6,,,"MA32610/L/2/01, MAM2620/L/2/01",Lecture,LECTURE,LL-C64,03/10/2024 @ 14:00:00,03/10/2024 @ 15:00:00,Thursday,"Gohm, Rolf"
6,,,"MAM5120/S/1/01, PGM2810/S/1/01",Seminar,SEMINAR,MP-0.10,03/10/2024 @ 15:00:00,03/10/2024 @ 16:00:00,Thursday,"Kenobi, Kim"
6,,MA15110 PRACTICAL 1,MA15110/P/1/01,Practical,PRACTICAL,VC-B1.07,03/10/2024 @ 16:00:00,03/10/2024 @ 18:00:00,Thursday,"Mughal, Adil;<br>Vellender, Adam;<br>Mishuris, Gennady;<br>Douglas, Robert"
6,,MA26620 PRACTICAL 1,MA26620/P/1/01,Practical,PRACTICAL,MP-3.03,04/10/2024 @ 09:00:00,04/10/2024 @ 11:00:00,Friday,"Kenobi, Kim;<br>Vellender, Adam"
6,,,"MA30210/L/3/01, MT30210/L/3/01",Lecture,LECTURE,LL-C64,04/10/2024 @ 09:00:00,04/10/2024 @ 10:00:00,Friday,"Douglas, Robert"
6,,MA02610 LECTURE 2,MA02610/L/2/01,Lecture,LECTURE,LL-C64,04/10/2024 @ 11:00:00,04/10/2024 @ 12:00:00,Friday,"Mughal, Adil"
6,,MAM2620 LECTURE 3,MAM2620/L/3/01,Lecture,LECTURE,MP-3.05,04/10/2024 @ 11:00:00,04/10/2024 @ 12:00:00,Friday,"Gohm, Rolf"
6,,,"MA10510/L/1/01, MT10510/L/1/01",Lecture,LECTURE,LL-A6,04/10/2024 @ 12:00:00,04/10/2024 @ 13:00:00,Friday,"Evans, Gwion"
6,,,"MA34110/L/1/01, MT34110/L/1/01",Lecture,LECTURE,LL-C64,04/10/2024 @ 12:00:00,04/10/2024 @ 13:00:00,Friday,"Vellender, Adam"
6,,,"MP10610/L/1/01, MT10610/L/1/01",Lecture,LECTURE,MP-0.15,04/10/2024 @ 12:00:00,04/10/2024 @ 13:00:00,Friday,"Davies, Tudur"
6,,MA20310 LECTURE 1,MA20310/L/1/01,Lecture,LECTURE,MP-0.10,04/10/2024 @ 13:00:00,04/10/2024 @ 14:00:00,Friday,"Evans, Gwion"
6,,MA37810 LECTURE 1,MA37810/L/1/01,Lecture,LECTURE,MP-0.11,04/10/2024 @ 14:00:00,04/10/2024 @ 15:00:00,Friday,"Kenobi, Kim"
6,,MA26010 LECTURE 2,MA26010/L/2/01,Lecture,LECTURE,MP-0.11,04/10/2024 @ 15:00:00,04/10/2024 @ 16:00:00,Friday,"Kiukas, Jukka"
6,,MA30110 LECTURE 2,MA30110/L/2/01,Lecture,LECTURE,LL-C64,04/10/2024 @ 16:00:00,04/10/2024 @ 17:00:00,Friday,"Gohm, Rolf"
7,,MA02610 LECTURE 1,MA02610/L/1/01,Lecture,LECTURE,LL-C64,07/10/2024 @ 09:00:00,07/10/2024 @ 10:00:00,Monday,"Mughal, Adil"
7,,,"MA20110/L/1/01, MT20110/L/1/01",Lecture,LECTURE,MP-0.10,07/10/2024 @ 10:00:00,07/10/2024 @ 11:00:00,Monday,"Douglas, Robert"
7,,MA30510 LECTURE 2,MA30510/L/2/01,Lecture,LECTURE,LL-C64,07/10/2024 @ 11:00:00,07/10/2024 @ 12:00:00,Monday,"Mughal, Adil"
7,,,"MAM5120/L/1/01, PGM2810/L/1/01",Lecture,LECTURE,MP-0.15,07/10/2024 @ 11:00:00,07/10/2024 @ 12:00:00,Monday,"Kenobi, Kim"
7,,MA15110 LECTURE 1,MA15110/L/1/01,Lecture,LECTURE,MP-3.02,07/10/2024 @ 12:00:00,07/10/2024 @ 13:00:00,Monday,"Mughal, Adil;<br>Vellender, Adam;<br>Mishuris, Gennady;<br>Douglas, Robert"
7,,MA20310 LECTURE 3,MA20310/L/3/01,Lecture,LECTURE,LL-G3,07/10/2024 @ 13:00:00,07/10/2024 @ 14:00:00,Monday,"Evans, Gwion"
7,,MAM9720 WORKSHOP 2,MAM9720/W/2/01,Workshop,WORKSHOP,MP-3.03,07/10/2024 @ 13:00:00,07/10/2024 @ 15:00:00,Monday,"Pitchford, Alexander"
7,,MA02610 WORKSHOP 1,MA02610/W/1/01,Workshop,WORKSHOP,VC-B1.07,07/10/2024 @ 15:00:00,07/10/2024 @ 16:00:00,Monday,"Mughal, Adil"
7,,MA34610 LECTURE 2,MA34610/L/2/01,Lecture,LECTURE,LL-C64,07/10/2024 @ 15:00:00,07/10/2024 @ 16:00:00,Monday,"Cox, Simon"
7,,MAM5120 SEMINAR 3,MAM5120/S/3/01,Seminar,SEMINAR,HO-C22,07/10/2024 @ 16:00:00,07/10/2024 @ 17:00:00,Monday,"Kenobi, Kim"
7,,,"MA10310/L/1/01, MT10310/L/1/01",Lecture,LECTURE,MP-0.10,07/10/2024 @ 16:00:00,07/10/2024 @ 17:00:00,Monday,"Pitchford, Alexander"
7,,,"MA30210/L/2/01, MT30210/L/2/01",Lecture,LECTURE,MP-0.11,07/10/2024 @ 17:00:00,07/10/2024 @ 18:00:00,Monday,"Douglas, Robert"
7,,MA26010 LECTURE 1,MA26010/L/1/01,Lecture,LECTURE,MP-3.02,08/10/2024 @ 09:00:00,08/10/2024 @ 10:00:00,Tuesday,"Kiukas, Jukka"
7,,MAM9720 WORKSHOP 1,MAM9720/W/1/01,Workshop,WORKSHOP,MP-3.03,08/10/2024 @ 09:00:00,08/10/2024 @ 10:00:00,Tuesday,"French, Simon"
7,,MT39020 FIELD TRIP 1,MT39020/F/1/01,Field Trip,FIELD TRIP,,08/10/2024 @ 09:00:00,08/10/2024 @ 16:00:00,Tuesday,
7,,,"MA10510/L/2/01, MT10510/L/2/01",Lecture,LECTURE,MP-0.15,08/10/2024 @ 09:00:00,08/10/2024 @ 10:00:00,Tuesday,"Evans, Gwion"
7,,MA10720 PRACTICAL 1,MA10720/P/1/01,Practical,PRACTICAL,MP-3.03,08/10/2024 @ 10:00:00,08/10/2024 @ 12:00:00,Tuesday,"Cox, Simon;<br>Davies, Tudur"
7,,MA30510 LECTURE 1,MA30510/L/1/01,Lecture,LECTURE,HO-C6,08/10/2024 @ 10:00:00,08/10/2024 @ 11:00:00,Tuesday,"Mughal, Adil"
7,,,"MA32610/L/1/01, MAM2620/L/1/01",Lecture,LECTURE,LL-G3,08/10/2024 @ 11:00:00,08/10/2024 @ 12:00:00,Tuesday,"Gohm, Rolf"
7,,,"MA25220/P/1/01, MT25220/P/1/01",Practical,PRACTICAL,MP-3.03,08/10/2024 @ 12:00:00,08/10/2024 @ 14:00:00,Tuesday,"Davies, Tudur"
7,,,"MA33310/L/1/01, MAM3320/L/1/01",Lecture,LECTURE,MP-0.10,08/10/2024 @ 12:00:00,08/10/2024 @ 13:00:00,Tuesday,"Peck, Daniel"
7,,MA01020 TUTORIAL 1,MA01020/T/1/01,Tutorial,TUTORIAL,MP-0.11,08/10/2024 @ 14:00:00,08/10/2024 @ 16:00:00,Tuesday,"Pitchford, Alexander;<br>Rogers, Rosemary"
7,,MA20310 LECTURE 2,MA20310/L/2/01,Lecture,LECTURE,EL-1.16,08/10/2024 @ 15:00:00,08/10/2024 @ 16:00:00,Tuesday,"Evans, Gwion"
7,,MA36510 LECTURE 2,MA36510/L/2/01,Lecture,LECTURE,MP-3.05,08/10/2024 @ 15:00:00,08/10/2024 @ 16:00:00,Tuesday,"Kiukas, Jukka"
7,,MAM3320 LECTURE 3,MAM3320/L/3/01,Lecture,LECTURE,MP-3.02,08/10/2024 @ 15:00:00,08/10/2024 @ 16:00:00,Tuesday,"Peck, Daniel"
7,,MA37810 LECTURE 2,MA37810/L/2/01,Lecture,LECTURE,GR-0.30,08/10/2024 @ 16:00:00,08/10/2024 @ 17:00:00,Tuesday,"Kenobi, Kim"
7,,,"MP10610/L/2/01, MT10610/L/2/01",Lecture,LECTURE,EL-0.26,08/10/2024 @ 16:00:00,08/10/2024 @ 17:00:00,Tuesday,"Davies, Tudur"
7,,MA30110 LECTURE 1,MA30110/L/1/01,Lecture,LECTURE,LL-C64,09/10/2024 @ 09:00:00,09/10/2024 @ 10:00:00,Wednesday,"Gohm, Rolf"
7,,FBaPS - RESEARCH COMMITTEE - GLENWEN MORGANS gsm,XS1/2 FBaPS RESEARCH JM MP-2.04,Booking,BOOKING,MP-2.04,09/10/2024 @ 10:00:00,09/10/2024 @ 11:00:00,Wednesday,
7,,,"MA10110/L/2/01, MT10110/L/2/01",Lecture,LECTURE,MP-0.11,09/10/2024 @ 10:00:00,09/10/2024 @ 11:00:00,Wednesday,"Cox, Simon"
7,,,"MA30210/L/1/01, MT30210/L/1/01",Lecture,LECTURE,LL-C64,09/10/2024 @ 10:00:00,09/10/2024 @ 11:00:00,Wednesday,"Douglas, Robert"
7,,MA34610 LECTURE 1,MA34610/L/1/01,Lecture,LECTURE,LL-C64,09/10/2024 @ 11:00:00,09/10/2024 @ 12:00:00,Wednesday,"Cox, Simon"
7,,,"MA20110/L/2/01, MT20110/L/2/01",Lecture,LECTURE,MP-0.10,09/10/2024 @ 11:00:00,09/10/2024 @ 12:00:00,Wednesday,"Douglas, Robert"
7,,MA26620 LECTURE 1,MA26620/L/1/01,Lecture,LECTURE,LL-G3,09/10/2024 @ 12:00:00,09/10/2024 @ 13:00:00,Wednesday,"Vellender, Adam"
7,,FBaPS - FACULTY EXECUTIVE - GLENWEN MORGANS gsm,XS1/2 FBaPS EXEC JM MP-2.04,Booking,BOOKING,MP-2.04,10/10/2024 @ 09:00:00,10/10/2024 @ 11:00:00,Thursday,
7,,MA36510 LECTURE 1,MA36510/L/1/01,Lecture,LECTURE,MP-3.05,10/10/2024 @ 09:00:00,10/10/2024 @ 10:00:00,Thursday,"Kiukas, Jukka"
7,,MT39020 LECTURE 1,MT39020/L/1/01,Lecture,LECTURE,MP-3.05,10/10/2024 @ 10:00:00,10/10/2024 @ 11:00:00,Thursday,"Davies, Tudur"
7,,,"MA34110/L/2/01, MT34110/L/2/01",Lecture,LECTURE,LL-C64,10/10/2024 @ 11:00:00,10/10/2024 @ 12:00:00,Thursday,"Vellender, Adam"
7,,,"MA10310/L/2/01, MT10310/L/2/01",Lecture,LECTURE,MP-0.10,10/10/2024 @ 12:00:00,10/10/2024 @ 13:00:00,Thursday,"Pitchford, Alexander"
7,,,"MAM5120/P/1/01, PGM2810/P/1/01",Practical,PRACTICAL,MP-3.03,10/10/2024 @ 12:00:00,10/10/2024 @ 14:00:00,Thursday,"Kenobi, Kim"
7,,,"MA33310/L/2/01, MAM3320/L/2/01",Lecture,LECTURE,LL-C64,10/10/2024 @ 13:00:00,10/10/2024 @ 14:00:00,Thursday,"Peck, Daniel"
7,,,"MA10110/L/1/01, MT10110/L/1/01",Lecture,LECTURE,MP-0.10,10/10/2024 @ 14:00:00,10/10/2024 @ 15:00:00,Thursday,"Cox, Simon"
7,,,"MA32610/L/2/01, MAM2620/L/2/01",Lecture,LECTURE,LL-C64,10/10/2024 @ 14:00:00,10/10/2024 @ 15:00:00,Thursday,"Gohm, Rolf"
7,,MA15110 PRACTICAL 1,MA15110/P/1/01,Practical,PRACTICAL,VC-B1.07,10/10/2024 @ 16:00:00,10/10/2024 @ 18:00:00,Thursday,"Mughal, Adil;<br>Vellender, Adam;<br>Mishuris, Gennady;<br>Douglas, Robert"
7,,,"MA30210/L/3/01, MT30210/L/3/01",Lecture,LECTURE,LL-C64,11/10/2024 @ 09:00:00,11/10/2024 @ 10:00:00,Friday,"Douglas, Robert"
7,,MA02610 LECTURE 2,MA02610/L/2/01,Lecture,LECTURE,LL-C64,11/10/2024 @ 11:00:00,11/10/2024 @ 12:00:00,Friday,"Mughal, Adil"
7,,MAM2620 LECTURE 3,MAM2620/L/3/01,Lecture,LECTURE,MP-3.05,11/10/2024 @ 11:00:00,11/10/2024 @ 12:00:00,Friday,"Gohm, Rolf"
7,,,"MA10510/L/1/01, MT10510/L/1/01",Lecture,LECTURE,LL-A6,11/10/2024 @ 12:00:00,11/10/2024 @ 13:00:00,Friday,"Evans, Gwion"
7,,,"MA34110/L/1/01, MT34110/L/1/01",Lecture,LECTURE,LL-C64,11/10/2024 @ 12:00:00,11/10/2024 @ 13:00:00,Friday,"Vellender, Adam"
7,,,"MP10610/L/1/01, MT10610/L/1/01",Lecture,LECTURE,MP-0.15,11/10/2024 @ 12:00:00,11/10/2024 @ 13:00:00,Friday,"Davies, Tudur"
7,,MA20310 LECTURE 1,MA20310/L/1/01,Lecture,LECTURE,MP-0.10,11/10/2024 @ 13:00:00,11/10/2024 @ 14:00:00,Friday,"Evans, Gwion"
7,,MA37810 LECTURE 1,MA37810/L/1/01,Lecture,LECTURE,MP-0.11,11/10/2024 @ 14:00:00,11/10/2024 @ 15:00:00,Friday,"Kenobi, Kim"
7,,MA26010 LECTURE 2,MA26010/L/2/01,Lecture,LECTURE,MP-0.11,11/10/2024 @ 15:00:00,11/10/2024 @ 16:00:00,Friday,"Kiukas, Jukka"
7,,MA30110 LECTURE 2,MA30110/L/2/01,Lecture,LECTURE,LL-C64,11/10/2024 @ 16:00:00,11/10/2024 @ 17:00:00,Friday,"Gohm, Rolf"
8,,MA02610 LECTURE 1,MA02610/L/1/01,Lecture,LECTURE,LL-C64,14/10/2024 @ 09:00:00,14/10/2024 @ 10:00:00,Monday,"Mughal, Adil"
8,,,"MA20110/L/1/01, MT20110/L/1/01",Lecture,LECTURE,MP-0.10,14/10/2024 @ 10:00:00,14/10/2024 @ 11:00:00,Monday,"Douglas, Robert"
8,,MA30510 LECTURE 2,MA30510/L/2/01,Lecture,LECTURE,LL-C64,14/10/2024 @ 11:00:00,14/10/2024 @ 12:00:00,Monday,"Mughal, Adil"
8,,,"MAM5120/L/1/01, PGM2810/L/1/01",Lecture,LECTURE,MP-0.15,14/10/2024 @ 11:00:00,14/10/2024 @ 12:00:00,Monday,"Kenobi, Kim"
8,,MA15110 LECTURE 1,MA15110/L/1/01,Lecture,LECTURE,MP-3.02,14/10/2024 @ 12:00:00,14/10/2024 @ 13:00:00,Monday,"Mughal, Adil;<br>Vellender, Adam;<br>Mishuris, Gennady;<br>Douglas, Robert"
8,,MA20310 LECTURE 3,MA20310/L/3/01,Lecture,LECTURE,LL-G3,14/10/2024 @ 13:00:00,14/10/2024 @ 14:00:00,Monday,"Evans, Gwion"
8,,MAM9720 WORKSHOP 2,MAM9720/W/2/01,Workshop,WORKSHOP,MP-3.03,14/10/2024 @ 13:00:00,14/10/2024 @ 15:00:00,Monday,"Pitchford, Alexander"
8,,MA34610 LECTURE 2,MA34610/L/2/01,Lecture,LECTURE,LL-C64,14/10/2024 @ 15:00:00,14/10/2024 @ 16:00:00,Monday,"Cox, Simon"
8,,,"MA10310/L/1/01, MT10310/L/1/01",Lecture,LECTURE,MP-0.10,14/10/2024 @ 16:00:00,14/10/2024 @ 17:00:00,Monday,"Pitchford, Alexander"
8,,,"MA30210/L/2/01, MT30210/L/2/01",Lecture,LECTURE,MP-0.11,14/10/2024 @ 17:00:00,14/10/2024 @ 18:00:00,Monday,"Douglas, Robert"
8,,MA26010 LECTURE 1,MA26010/L/1/01,Lecture,LECTURE,MP-3.02,15/10/2024 @ 09:00:00,15/10/2024 @ 10:00:00,Tuesday,"Kiukas, Jukka"
8,,MT39020 FIELD TRIP 1,MT39020/F/1/01,Field Trip,FIELD TRIP,,15/10/2024 @ 09:00:00,15/10/2024 @ 16:00:00,Tuesday,
8,,,"MA10510/L/2/01, MT10510/L/2/01",Lecture,LECTURE,MP-0.15,15/10/2024 @ 09:00:00,15/10/2024 @ 10:00:00,Tuesday,"Evans, Gwion"
8,,MA10720 PRACTICAL 1,MA10720/P/1/01,Practical,PRACTICAL,MP-3.03,15/10/2024 @ 10:00:00,15/10/2024 @ 12:00:00,Tuesday,"Cox, Simon;<br>Davies, Tudur"
8,,MA30510 LECTURE 1,MA30510/L/1/01,Lecture,LECTURE,HO-C6,15/10/2024 @ 10:00:00,15/10/2024 @ 11:00:00,Tuesday,"Mughal, Adil"
8,,,"MA32610/L/1/01, MAM2620/L/1/01",Lecture,LECTURE,LL-G3,15/10/2024 @ 11:00:00,15/10/2024 @ 12:00:00,Tuesday,"Gohm, Rolf"
8,,,"MA25220/P/1/01, MT25220/P/1/01",Practical,PRACTICAL,MP-3.03,15/10/2024 @ 12:00:00,15/10/2024 @ 14:00:00,Tuesday,"Davies, Tudur"
8,,,"MA33310/L/1/01, MAM3320/L/1/01",Lecture,LECTURE,MP-0.10,15/10/2024 @ 12:00:00,15/10/2024 @ 13:00:00,Tuesday,"Peck, Daniel"
8,,MA01020 TUTORIAL 1,MA01020/T/1/01,Tutorial,TUTORIAL,MP-0.11,15/10/2024 @ 14:00:00,15/10/2024 @ 16:00:00,Tuesday,"Pitchford, Alexander;<br>Rogers, Rosemary"
8,,MA20310 LECTURE 2,MA20310/L/2/01,Lecture,LECTURE,EL-1.16,15/10/2024 @ 15:00:00,15/10/2024 @ 16:00:00,Tuesday,"Evans, Gwion"
8,,MA36510 LECTURE 2,MA36510/L/2/01,Lecture,LECTURE,MP-3.05,15/10/2024 @ 15:00:00,15/10/2024 @ 16:00:00,Tuesday,"Kiukas, Jukka"
8,,MAM3320 LECTURE 3,MAM3320/L/3/01,Lecture,LECTURE,MP-3.02,15/10/2024 @ 15:00:00,15/10/2024 @ 16:00:00,Tuesday,"Peck, Daniel"
8,,MA37810 LECTURE 2,MA37810/L/2/01,Lecture,LECTURE,GR-0.30,15/10/2024 @ 16:00:00,15/10/2024 @ 17:00:00,Tuesday,"Kenobi, Kim"
8,,,"MP10610/L/2/01, MT10610/L/2/01",Lecture,LECTURE,EL-0.26,15/10/2024 @ 16:00:00,15/10/2024 @ 17:00:00,Tuesday,"Davies, Tudur"
8,,MT30210 TUTORIAL 1,MT30210/T/1/01,Tutorial,TUTORIAL,MP-3.02,15/10/2024 @ 17:00:00,15/10/2024 @ 18:00:00,Tuesday,"Evans, Gwion"
8,,MA30110 LECTURE 1,MA30110/L/1/01,Lecture,LECTURE,LL-C64,16/10/2024 @ 09:00:00,16/10/2024 @ 10:00:00,Wednesday,"Gohm, Rolf"
8,,,"MA10110/L/2/01, MT10110/L/2/01",Lecture,LECTURE,MP-0.11,16/10/2024 @ 10:00:00,16/10/2024 @ 11:00:00,Wednesday,"Cox, Simon"
8,,,"MA30210/L/1/01, MT30210/L/1/01",Lecture,LECTURE,LL-C64,16/10/2024 @ 10:00:00,16/10/2024 @ 11:00:00,Wednesday,"Douglas, Robert"
8,,MA34610 LECTURE 1,MA34610/L/1/01,Lecture,LECTURE,LL-C64,16/10/2024 @ 11:00:00,16/10/2024 @ 12:00:00,Wednesday,"Cox, Simon"
8,,,"MA20110/L/2/01, MT20110/L/2/01",Lecture,LECTURE,MP-0.10,16/10/2024 @ 11:00:00,16/10/2024 @ 12:00:00,Wednesday,"Douglas, Robert"
8,,MA26620 LECTURE 1,MA26620/L/1/01,Lecture,LECTURE,LL-G3,16/10/2024 @ 12:00:00,16/10/2024 @ 13:00:00,Wednesday,"Vellender, Adam"
8,,MA36510 LECTURE 1,MA36510/L/1/01,Lecture,LECTURE,MP-3.05,17/10/2024 @ 09:00:00,17/10/2024 @ 10:00:00,Thursday,"Kiukas, Jukka"
8,,MT39020 LECTURE 1,MT39020/L/1/01,Lecture,LECTURE,MP-3.05,17/10/2024 @ 10:00:00,17/10/2024 @ 11:00:00,Thursday,"Davies, Tudur"
8,,,"MA34110/L/2/01, MT34110/L/2/01",Lecture,LECTURE,LL-C64,17/10/2024 @ 11:00:00,17/10/2024 @ 12:00:00,Thursday,"Vellender, Adam"
8,,,"MA10310/L/2/01, MT10310/L/2/01",Lecture,LECTURE,MP-0.10,17/10/2024 @ 12:00:00,17/10/2024 @ 13:00:00,Thursday,"Pitchford, Alexander"
8,,,"MAM5120/P/1/01, PGM2810/P/1/01",Practical,PRACTICAL,MP-3.03,17/10/2024 @ 12:00:00,17/10/2024 @ 14:00:00,Thursday,"Kenobi, Kim"
8,,,"MA33310/L/2/01, MAM3320/L/2/01",Lecture,LECTURE,LL-C64,17/10/2024 @ 13:00:00,17/10/2024 @ 14:00:00,Thursday,"Peck, Daniel"
8,,,"MA10110/L/1/01, MT10110/L/1/01",Lecture,LECTURE,MP-0.10,17/10/2024 @ 14:00:00,17/10/2024 @ 15:00:00,Thursday,"Cox, Simon"
8,,,"MA32610/L/2/01, MAM2620/L/2/01",Lecture,LECTURE,LL-C64,17/10/2024 @ 14:00:00,17/10/2024 @ 15:00:00,Thursday,"Gohm, Rolf"
8,,,"MAM5120/S/1/01, PGM2810/S/1/01",Seminar,SEMINAR,MP-0.10,17/10/2024 @ 15:00:00,17/10/2024 @ 16:00:00,Thursday,"Kenobi, Kim"
8,,MA15110 PRACTICAL 1,MA15110/P/1/01,Practical,PRACTICAL,VC-B1.07,17/10/2024 @ 16:00:00,17/10/2024 @ 18:00:00,Thursday,"Mughal, Adil;<br>Vellender, Adam;<br>Mishuris, Gennady;<br>Douglas, Robert"
8,,MA26620 PRACTICAL 1,MA26620/P/1/01,Practical,PRACTICAL,MP-3.03,18/10/2024 @ 09:00:00,18/10/2024 @ 11:00:00,Friday,"Kenobi, Kim;<br>Vellender, Adam"
8,,,"MA30210/L/3/01, MT30210/L/3/01",Lecture,LECTURE,LL-C64,18/10/2024 @ 09:00:00,18/10/2024 @ 10:00:00,Friday,"Douglas, Robert"
8,,MA10110 TUTORIAL 1,MA10110/T/1/01,Tutorial,TUTORIAL,MP-3.02,18/10/2024 @ 10:00:00,18/10/2024 @ 11:00:00,Friday,"Bufton, Zac"
8,,MA02610 LECTURE 2,MA02610/L/2/01,Lecture,LECTURE,LL-C64,18/10/2024 @ 11:00:00,18/10/2024 @ 12:00:00,Friday,"Mughal, Adil"
8,,MA10110 TUTORIAL 1,MA10110/T/1/02,Tutorial,TUTORIAL,MP-3.02,18/10/2024 @ 11:00:00,18/10/2024 @ 12:00:00,Friday,"Cox, Simon"
8,,MAM2620 LECTURE 3,MAM2620/L/3/01,Lecture,LECTURE,MP-3.05,18/10/2024 @ 11:00:00,18/10/2024 @ 12:00:00,Friday,"Gohm, Rolf"
8,,MA10110 TUTORIAL 1,MA10110/T/1/03,Tutorial,TUTORIAL,LL-G3A,18/10/2024 @ 12:00:00,18/10/2024 @ 13:00:00,Friday,"Cox, Simon"
8,,,"MA10510/L/1/01, MT10510/L/1/01",Lecture,LECTURE,LL-A6,18/10/2024 @ 12:00:00,18/10/2024 @ 13:00:00,Friday,"Evans, Gwion"
8,,,"MA34110/L/1/01, MT34110/L/1/01",Lecture,LECTURE,LL-C64,18/10/2024 @ 12:00:00,18/10/2024 @ 13:00:00,Friday,"Vellender, Adam"
8,,,"MP10610/L/1/01, MT10610/L/1/01",Lecture,LECTURE,MP-0.15,18/10/2024 @ 12:00:00,18/10/2024 @ 13:00:00,Friday,"Davies, Tudur"
8,,MA20310 LECTURE 1,MA20310/L/1/01,Lecture,LECTURE,MP-0.10,18/10/2024 @ 13:00:00,18/10/2024 @ 14:00:00,Friday,"Evans, Gwion"
8,,MA37810 LECTURE 1,MA37810/L/1/01,Lecture,LECTURE,MP-0.11,18/10/2024 @ 14:00:00,18/10/2024 @ 15:00:00,Friday,"Kenobi, Kim"
8,,MA10110 TUTORIAL 1,MA10110/T/1/04,Tutorial,TUTORIAL,MP-3.02,18/10/2024 @ 15:00:00,18/10/2024 @ 16:00:00,Friday,"Cox, Simon"
8,,MA26010 LECTURE 2,MA26010/L/2/01,Lecture,LECTURE,MP-0.11,18/10/2024 @ 15:00:00,18/10/2024 @ 16:00:00,Friday,"Kiukas, Jukka"
8,,MT10110 TUTORIAL 1,MT10110/T/1/01,Tutorial,TUTORIAL,MP-3.05,18/10/2024 @ 15:00:00,18/10/2024 @ 16:00:00,Friday,"Evans, Gwion;<br>Davies, Tudur"
8,,MA30110 LECTURE 2,MA30110/L/2/01,Lecture,LECTURE,LL-C64,18/10/2024 @ 16:00:00,18/10/2024 @ 17:00:00,Friday,"Gohm, Rolf"
9,,MA02610 LECTURE 1,MA02610/L/1/01,Lecture,LECTURE,LL-C64,21/10/2024 @ 09:00:00,21/10/2024 @ 10:00:00,Monday,"Mughal, Adil"
9,,MA10510 TUTORIAL 1,MA10510/T/1/07,Tutorial,TUTORIAL,MP-3.02,21/10/2024 @ 09:00:00,21/10/2024 @ 10:00:00,Monday,"Kiukas, Jukka"
9,,MA10510 TUTORIAL 1,MA10510/T/1/02,Tutorial,TUTORIAL,MP-3.02,21/10/2024 @ 10:00:00,21/10/2024 @ 11:00:00,Monday,"Cox, Simon"
9,,MT10510 TUTORIAL 1,MT10510/T/1/01,Tutorial,TUTORIAL,LL-C40,21/10/2024 @ 10:00:00,21/10/2024 @ 11:00:00,Monday,"Evans, Gwion"
9,,,"MA20110/L/1/01, MT20110/L/1/01",Lecture,LECTURE,MP-0.10,21/10/2024 @ 10:00:00,21/10/2024 @ 11:00:00,Monday,"Douglas, Robert"
9,,MA10510 TUTORIAL 1,MA10510/T/1/03,Tutorial,TUTORIAL,MP-3.02,21/10/2024 @ 11:00:00,21/10/2024 @ 12:00:00,Monday,"Vellender, Adam"
9,,MA10510 TUTORIAL 1,MA10510/T/1/05,Tutorial,TUTORIAL,MP-3.05,21/10/2024 @ 11:00:00,21/10/2024 @ 12:00:00,Monday,"Pitchford, Alexander"
9,,MA30510 LECTURE 2,MA30510/L/2/01,Lecture,LECTURE,LL-C64,21/10/2024 @ 11:00:00,21/10/2024 @ 12:00:00,Monday,"Mughal, Adil"
9,,,"MAM5120/L/1/01, PGM2810/L/1/01",Lecture,LECTURE,MP-0.15,21/10/2024 @ 11:00:00,21/10/2024 @ 12:00:00,Monday,"Kenobi, Kim"
9,,MA10510 TUTORIAL 1,MA10510/T/1/01,Tutorial,TUTORIAL,MP-3.02,21/10/2024 @ 12:00:00,21/10/2024 @ 13:00:00,Monday,"Kenobi, Kim"
9,,MA20310 LECTURE 3,MA20310/L/3/01,Lecture,LECTURE,LL-G3,21/10/2024 @ 13:00:00,21/10/2024 @ 14:00:00,Monday,"Evans, Gwion"
9,,MAM9720 WORKSHOP 2,MAM9720/W/2/01,Workshop,WORKSHOP,MP-3.03,21/10/2024 @ 13:00:00,21/10/2024 @ 15:00:00,Monday,"Pitchford, Alexander"
9,,MA02610 WORKSHOP 1,MA02610/W/1/01,Workshop,WORKSHOP,VC-B1.07,21/10/2024 @ 15:00:00,21/10/2024 @ 16:00:00,Monday,"Mughal, Adil"
9,,MA10510 TUTORIAL 1,MA10510/T/1/04,Tutorial,TUTORIAL,MP-3.05,21/10/2024 @ 15:00:00,21/10/2024 @ 16:00:00,Monday,"Douglas, Robert"
9,,MA34610 LECTURE 2,MA34610/L/2/01,Lecture,LECTURE,LL-C64,21/10/2024 @ 15:00:00,21/10/2024 @ 16:00:00,Monday,"Cox, Simon"
9,,MAM5120 SEMINAR 3,MAM5120/S/3/01,Seminar,SEMINAR,HO-C22,21/10/2024 @ 16:00:00,21/10/2024 @ 17:00:00,Monday,"Kenobi, Kim"
9,,,"MA10310/L/1/01, MT10310/L/1/01",Lecture,LECTURE,MP-0.10,21/10/2024 @ 16:00:00,21/10/2024 @ 17:00:00,Monday,"Pitchford, Alexander"
9,,MA10510 TUTORIAL 1,MA10510/T/1/06,Tutorial,TUTORIAL,GR-0.31,21/10/2024 @ 17:00:00,21/10/2024 @ 18:00:00,Monday,"Gohm, Rolf"
9,,,"MA30210/L/2/01, MT30210/L/2/01",Lecture,LECTURE,MP-0.11,21/10/2024 @ 17:00:00,21/10/2024 @ 18:00:00,Monday,"Douglas, Robert"
9,,MA26010 LECTURE 1,MA26010/L/1/01,Lecture,LECTURE,MP-3.02,22/10/2024 @ 09:00:00,22/10/2024 @ 10:00:00,Tuesday,"Kiukas, Jukka"
9,,MT39020 FIELD TRIP 1,MT39020/F/1/01,Field Trip,FIELD TRIP,,22/10/2024 @ 09:00:00,22/10/2024 @ 16:00:00,Tuesday,
9,,,"MA10510/L/2/01, MT10510/L/2/01",Lecture,LECTURE,MP-0.15,22/10/2024 @ 09:00:00,22/10/2024 @ 10:00:00,Tuesday,"Evans, Gwion"
9,,MA10720 SEMINAR 1,MA10720/S/1/01,Seminar,SEMINAR,VC-B1.07,22/10/2024 @ 10:00:00,22/10/2024 @ 12:00:00,Tuesday,"Kenobi, Kim;<br>Gohm, Rolf;<br>Cox, Simon"
9,,MA30510 LECTURE 1,MA30510/L/1/01,Lecture,LECTURE,HO-C6,22/10/2024 @ 10:00:00,22/10/2024 @ 11:00:00,Tuesday,"Mughal, Adil"
9,,,"MA32610/L/1/01, MAM2620/L/1/01",Lecture,LECTURE,LL-G3,22/10/2024 @ 11:00:00,22/10/2024 @ 12:00:00,Tuesday,"Gohm, Rolf"
9,,,"MA25220/P/1/01, MT25220/P/1/01",Practical,PRACTICAL,MP-3.03,22/10/2024 @ 12:00:00,22/10/2024 @ 14:00:00,Tuesday,"Davies, Tudur"
9,,,"MA33310/L/1/01, MAM3320/L/1/01",Lecture,LECTURE,MP-0.10,22/10/2024 @ 12:00:00,22/10/2024 @ 13:00:00,Tuesday,"Peck, Daniel"
9,,MT20110 TUTORIAL 1,MT20110/T/1/01,Tutorial,TUTORIAL,MP-3.05,22/10/2024 @ 13:00:00,22/10/2024 @ 14:00:00,Tuesday,"Evans, Gwion"
9,,MA01020 TUTORIAL 1,MA01020/T/1/01,Tutorial,TUTORIAL,MP-0.11,22/10/2024 @ 14:00:00,22/10/2024 @ 16:00:00,Tuesday,"Pitchford, Alexander;<br>Rogers, Rosemary"
9,,MA20310 LECTURE 2,MA20310/L/2/01,Lecture,LECTURE,EL-1.16,22/10/2024 @ 15:00:00,22/10/2024 @ 16:00:00,Tuesday,"Evans, Gwion"
9,,MA36510 LECTURE 2,MA36510/L/2/01,Lecture,LECTURE,MP-3.05,22/10/2024 @ 15:00:00,22/10/2024 @ 16:00:00,Tuesday,"Kiukas, Jukka"
9,,MAM3320 LECTURE 3,MAM3320/L/3/01,Lecture,LECTURE,MP-3.02,22/10/2024 @ 15:00:00,22/10/2024 @ 16:00:00,Tuesday,"Peck, Daniel"
9,,MA37810 LECTURE 2,MA37810/L/2/01,Lecture,LECTURE,GR-0.30,22/10/2024 @ 16:00:00,22/10/2024 @ 17:00:00,Tuesday,"Kenobi, Kim"
9,,,"MP10610/L/2/01, MT10610/L/2/01",Lecture,LECTURE,EL-0.26,22/10/2024 @ 16:00:00,22/10/2024 @ 17:00:00,Tuesday,"Davies, Tudur"
9,,MA30110 LECTURE 1,MA30110/L/1/01,Lecture,LECTURE,LL-C64,23/10/2024 @ 09:00:00,23/10/2024 @ 10:00:00,Wednesday,"Gohm, Rolf"
9,,FBaPS - RESEARCH COMMITTEE - GLENWEN MORGANS gsm,XS1/2 FBaPS RESEARCH JM MP-2.04,Booking,BOOKING,MP-2.04,23/10/2024 @ 10:00:00,23/10/2024 @ 11:00:00,Wednesday,
9,,,"MA10110/L/2/01, MT10110/L/2/01",Lecture,LECTURE,MP-0.11,23/10/2024 @ 10:00:00,23/10/2024 @ 11:00:00,Wednesday,"Cox, Simon"
9,,,"MA30210/L/1/01, MT30210/L/1/01",Lecture,LECTURE,LL-C64,23/10/2024 @ 10:00:00,23/10/2024 @ 11:00:00,Wednesday,"Douglas, Robert"
9,,MA34610 LECTURE 1,MA34610/L/1/01,Lecture,LECTURE,LL-C64,23/10/2024 @ 11:00:00,23/10/2024 @ 12:00:00,Wednesday,"Cox, Simon"
9,,,"MA20110/L/2/01, MT20110/L/2/01",Lecture,LECTURE,MP-0.10,23/10/2024 @ 11:00:00,23/10/2024 @ 12:00:00,Wednesday,"Douglas, Robert"
9,,MA26620 LECTURE 1,MA26620/L/1/01,Lecture,LECTURE,LL-G3,23/10/2024 @ 12:00:00,23/10/2024 @ 13:00:00,Wednesday,"Vellender, Adam"
9,,FBaPS - FACULTY EXECUTIVE - GLENWEN MORGANS gsm,XS1/2 FBaPS EXEC JM MP-2.04,Booking,BOOKING,MP-2.04,24/10/2024 @ 09:00:00,24/10/2024 @ 11:00:00,Thursday,
9,,MA36510 LECTURE 1,MA36510/L/1/01,Lecture,LECTURE,MP-3.05,24/10/2024 @ 09:00:00,24/10/2024 @ 10:00:00,Thursday,"Kiukas, Jukka"
9,,MT39020 LECTURE 1,MT39020/L/1/01,Lecture,LECTURE,MP-3.05,24/10/2024 @ 10:00:00,24/10/2024 @ 11:00:00,Thursday,"Davies, Tudur"
9,,,"MA34110/L/2/01, MT34110/L/2/01",Lecture,LECTURE,LL-C64,24/10/2024 @ 11:00:00,24/10/2024 @ 12:00:00,Thursday,"Vellender, Adam"
9,,,"MA10310/L/2/01, MT10310/L/2/01",Lecture,LECTURE,MP-0.10,24/10/2024 @ 12:00:00,24/10/2024 @ 13:00:00,Thursday,"Pitchford, Alexander"
9,,,"MAM5120/P/1/01, PGM2810/P/1/01",Practical,PRACTICAL,MP-3.03,24/10/2024 @ 12:00:00,24/10/2024 @ 14:00:00,Thursday,"Kenobi, Kim"
9,,,"MA33310/L/2/01, MAM3320/L/2/01",Lecture,LECTURE,LL-C64,24/10/2024 @ 13:00:00,24/10/2024 @ 14:00:00,Thursday,"Peck, Daniel"
9,,,"MA10110/L/1/01, MT10110/L/1/01",Lecture,LECTURE,MP-0.10,24/10/2024 @ 14:00:00,24/10/2024 @ 15:00:00,Thursday,"Cox, Simon"
9,,,"MA32610/L/2/01, MAM2620/L/2/01",Lecture,LECTURE,LL-C64,24/10/2024 @ 14:00:00,24/10/2024 @ 15:00:00,Thursday,"Gohm, Rolf"
9,,MT34110 TUTORIAL 1,MT34110/T/1/01,Tutorial,TUTORIAL,MP-3.02,24/10/2024 @ 15:00:00,24/10/2024 @ 16:00:00,Thursday,"Evans, Gwion"
9,,MA15110 PRACTICAL 1,MA15110/P/1/01,Practical,PRACTICAL,VC-B1.07,24/10/2024 @ 16:00:00,24/10/2024 @ 18:00:00,Thursday,"Mughal, Adil;<br>Vellender, Adam;<br>Mishuris, Gennady;<br>Douglas, Robert"
9,,,"MA30210/L/3/01, MT30210/L/3/01",Lecture,LECTURE,LL-C64,25/10/2024 @ 09:00:00,25/10/2024 @ 10:00:00,Friday,"Douglas, Robert"
9,,MA10310 TUTORIAL 1,MA10310/T/1/03,Tutorial,TUTORIAL,MP-3.02,25/10/2024 @ 10:00:00,25/10/2024 @ 11:00:00,Friday,"Pitchford, Alexander;<br>Coles, Emily"
9,,MA02610 LECTURE 2,MA02610/L/2/01,Lecture,LECTURE,LL-C64,25/10/2024 @ 11:00:00,25/10/2024 @ 12:00:00,Friday,"Mughal, Adil"
9,,MA10310 TUTORIAL 1,MA10310/T/1/02,Tutorial,TUTORIAL,MP-3.02,25/10/2024 @ 11:00:00,25/10/2024 @ 12:00:00,Friday,"Pitchford, Alexander;<br>Coles, Emily"
9,,MAM2620 LECTURE 3,MAM2620/L/3/01,Lecture,LECTURE,MP-3.05,25/10/2024 @ 11:00:00,25/10/2024 @ 12:00:00,Friday,"Gohm, Rolf"
9,,,"MA10510/L/1/01, MT10510/L/1/01",Lecture,LECTURE,LL-A6,25/10/2024 @ 12:00:00,25/10/2024 @ 13:00:00,Friday,"Evans, Gwion"
9,,,"MA34110/L/1/01, MT34110/L/1/01",Lecture,LECTURE,LL-C64,25/10/2024 @ 12:00:00,25/10/2024 @ 13:00:00,Friday,"Vellender, Adam"
9,,,"MP10610/L/1/01, MT10610/L/1/01",Lecture,LECTURE,MP-0.15,25/10/2024 @ 12:00:00,25/10/2024 @ 13:00:00,Friday,"Davies, Tudur"
9,,MA10310 TUTORIAL 1,MA10310/T/1/01,Tutorial,TUTORIAL,MP-3.05,25/10/2024 @ 13:00:00,25/10/2024 @ 14:00:00,Friday,"Pitchford, Alexander;<br>Coles, Emily"
9,,MA20310 LECTURE 1,MA20310/L/1/01,Lecture,LECTURE,MP-0.10,25/10/2024 @ 13:00:00,25/10/2024 @ 14:00:00,Friday,"Evans, Gwion"
9,,MA37810 LECTURE 1,MA37810/L/1/01,Lecture,LECTURE,MP-0.11,25/10/2024 @ 14:00:00,25/10/2024 @ 15:00:00,Friday,"Kenobi, Kim"
9,,MA26010 LECTURE 2,MA26010/L/2/01,Lecture,LECTURE,MP-0.11,25/10/2024 @ 15:00:00,25/10/2024 @ 16:00:00,Friday,"Kiukas, Jukka"
9,,MT10310 TUTORIAL 1,MT10310/T/1/01,Tutorial,TUTORIAL,MP-3.05,25/10/2024 @ 15:00:00,25/10/2024 @ 16:00:00,Friday,"Jones, David"
9,,MA10310 TUTORIAL 1,MA10310/T/1/04,Tutorial,TUTORIAL,MP-3.02,25/10/2024 @ 16:00:00,25/10/2024 @ 17:00:00,Friday,"Coles, Emily;<br>Pitchford, Alexander"
9,,MA30110 LECTURE 2,MA30110/L/2/01,Lecture,LECTURE,LL-C64,25/10/2024 @ 16:00:00,25/10/2024 @ 17:00:00,Friday,"Gohm, Rolf"
10,,MA02610 LECTURE 1,MA02610/L/1/01,Lecture,LECTURE,LL-C64,28/10/2024 @ 09:00:00,28/10/2024 @ 10:00:00,Monday,"Mughal, Adil"
10,,MP10610 TUTORIAL 1,MP10610/T/1/06,Tutorial,TUTORIAL,MP-3.05,28/10/2024 @ 09:00:00,28/10/2024 @ 10:00:00,Monday,"Bufton, Zac"
10,,MT10610 TUTORIAL 1,MT10610/T/1/01,Tutorial,TUTORIAL,MP-3.02,28/10/2024 @ 09:00:00,28/10/2024 @ 10:00:00,Monday,"Davies, Tudur"
10,,MP10610 TUTORIAL 1,MP10610/T/1/07,Tutorial,TUTORIAL,MP-3.02,28/10/2024 @ 10:00:00,28/10/2024 @ 11:00:00,Monday,"Bufton, Zac"
10,,,"MA20110/L/1/01, MT20110/L/1/01",Lecture,LECTURE,MP-0.10,28/10/2024 @ 10:00:00,28/10/2024 @ 11:00:00,Monday,"Douglas, Robert"
10,,MA30510 LECTURE 2,MA30510/L/2/01,Lecture,LECTURE,LL-C64,28/10/2024 @ 11:00:00,28/10/2024 @ 12:00:00,Monday,"Mughal, Adil"
10,,MP10610 TUTORIAL 1,MP10610/T/1/05,Tutorial,TUTORIAL,MP-3.02,28/10/2024 @ 11:00:00,28/10/2024 @ 12:00:00,Monday,"Gwynne, Martyn"
10,,,"MAM5120/L/1/01, PGM2810/L/1/01",Lecture,LECTURE,MP-0.15,28/10/2024 @ 11:00:00,28/10/2024 @ 12:00:00,Monday,"Kenobi, Kim"
10,,MA15110 LECTURE 1,MA15110/L/1/01,Lecture,LECTURE,MP-3.02,28/10/2024 @ 12:00:00,28/10/2024 @ 13:00:00,Monday,"Mughal, Adil;<br>Vellender, Adam;<br>Mishuris, Gennady;<br>Douglas, Robert"
10,,MP10610 TUTORIAL 1,MP10610/T/1/02,Tutorial,TUTORIAL,MP-3.05,28/10/2024 @ 12:00:00,28/10/2024 @ 13:00:00,Monday,"Rogers, Rosemary"
10,,MA20310 LECTURE 3,MA20310/L/3/01,Lecture,LECTURE,LL-G3,28/10/2024 @ 13:00:00,28/10/2024 @ 14:00:00,Monday,"Evans, Gwion"
10,,MAM9720 WORKSHOP 2,MAM9720/W/2/01,Workshop,WORKSHOP,MP-3.03,28/10/2024 @ 13:00:00,28/10/2024 @ 15:00:00,Monday,"Pitchford, Alexander"
10,,MP10610 TUTORIAL 1,MP10610/T/1/04,Tutorial,TUTORIAL,MP-3.05,28/10/2024 @ 13:00:00,28/10/2024 @ 14:00:00,Monday,"Rogers, Rosemary"
10,,MA34610 LECTURE 2,MA34610/L/2/01,Lecture,LECTURE,LL-C64,28/10/2024 @ 15:00:00,28/10/2024 @ 16:00:00,Monday,"Cox, Simon"
10,,MP10610 TUTORIAL 1,MP10610/T/1/01,Tutorial,TUTORIAL,MP-3.05,28/10/2024 @ 15:00:00,28/10/2024 @ 16:00:00,Monday,"Gwynne, Martyn"
10,,MP10610 TUTORIAL 1,MP10610/T/1/08,Tutorial,TUTORIAL,HO-C4,28/10/2024 @ 15:00:00,28/10/2024 @ 16:00:00,Monday,"Rogers, Rosemary"
10,,MAM5120 SEMINAR 3,MAM5120/S/3/01,Seminar,SEMINAR,HO-C22,28/10/2024 @ 16:00:00,28/10/2024 @ 17:00:00,Monday,"Kenobi, Kim"
10,,,"MA10310/L/1/01, MT10310/L/1/01",Lecture,LECTURE,MP-0.10,28/10/2024 @ 16:00:00,28/10/2024 @ 17:00:00,Monday,"Pitchford, Alexander"
10,,MP10610 TUTORIAL 1,MP10610/T/1/03,Tutorial,TUTORIAL,MP-3.05,28/10/2024 @ 17:00:00,28/10/2024 @ 18:00:00,Monday,"Gwynne, Martyn"
10,,,"MA30210/L/2/01, MT30210/L/2/01",Lecture,LECTURE,MP-0.11,28/10/2024 @ 17:00:00,28/10/2024 @ 18:00:00,Monday,"Douglas, Robert"
10,,MA26010 LECTURE 1,MA26010/L/1/01,Lecture,LECTURE,MP-3.02,29/10/2024 @ 09:00:00,29/10/2024 @ 10:00:00,Tuesday,"Kiukas, Jukka"
10,,MT39020 FIELD TRIP 1,MT39020/F/1/01,Field Trip,FIELD TRIP,,29/10/2024 @ 09:00:00,29/10/2024 @ 16:00:00,Tuesday,
10,,,"MA10510/L/2/01, MT10510/L/2/01",Lecture,LECTURE,MP-0.15,29/10/2024 @ 09:00:00,29/10/2024 @ 10:00:00,Tuesday,"Evans, Gwion"
10,,MA10720 SEMINAR 1,MA10720/S/1/01,Seminar,SEMINAR,VC-B1.07,29/10/2024 @ 10:00:00,29/10/2024 @ 12:00:00,Tuesday,"Kenobi, Kim;<br>Gohm, Rolf;<br>Cox, Simon"
10,,MA30510 LECTURE 1,MA30510/L/1/01,Lecture,LECTURE,HO-C6,29/10/2024 @ 10:00:00,29/10/2024 @ 11:00:00,Tuesday,"Mughal, Adil"
10,,,"MA32610/L/1/01, MAM2620/L/1/01",Lecture,LECTURE,LL-G3,29/10/2024 @ 11:00:00,29/10/2024 @ 12:00:00,Tuesday,"Gohm, Rolf"
10,,,"MA25220/P/1/01, MT25220/P/1/01",Practical,PRACTICAL,MP-3.03,29/10/2024 @ 12:00:00,29/10/2024 @ 14:00:00,Tuesday,"Davies, Tudur"
10,,,"MA33310/L/1/01, MAM3320/L/1/01",Lecture,LECTURE,MP-0.10,29/10/2024 @ 12:00:00,29/10/2024 @ 13:00:00,Tuesday,"Peck, Daniel"
10,,MA01020 TUTORIAL 1,MA01020/T/1/01,Tutorial,TUTORIAL,MP-0.11,29/10/2024 @ 14:00:00,29/10/2024 @ 16:00:00,Tuesday,"Pitchford, Alexander;<br>Rogers, Rosemary"
10,,MA20310 LECTURE 2,MA20310/L/2/01,Lecture,LECTURE,EL-1.16,29/10/2024 @ 15:00:00,29/10/2024 @ 16:00:00,Tuesday,"Evans, Gwion"
10,,MA36510 LECTURE 2,MA36510/L/2/01,Lecture,LECTURE,MP-3.05,29/10/2024 @ 15:00:00,29/10/2024 @ 16:00:00,Tuesday,"Kiukas, Jukka"
10,,MAM3320 LECTURE 3,MAM3320/L/3/01,Lecture,LECTURE,MP-3.02,29/10/2024 @ 15:00:00,29/10/2024 @ 16:00:00,Tuesday,"Peck, Daniel"
10,,MA37810 LECTURE 2,MA37810/L/2/01,Lecture,LECTURE,GR-0.30,29/10/2024 @ 16:00:00,29/10/2024 @ 17:00:00,Tuesday,"Kenobi, Kim"
10,,,"MP10610/L/2/01, MT10610/L/2/01",Lecture,LECTURE,EL-0.26,29/10/2024 @ 16:00:00,29/10/2024 @ 17:00:00,Tuesday,"Davies, Tudur"
10,,MT30210 TUTORIAL 1,MT30210/T/1/01,Tutorial,TUTORIAL,MP-3.02,29/10/2024 @ 17:00:00,29/10/2024 @ 18:00:00,Tuesday,"Evans, Gwion"
10,,MA30110 LECTURE 1,MA30110/L/1/01,Lecture,LECTURE,LL-C64,30/10/2024 @ 09:00:00,30/10/2024 @ 10:00:00,Wednesday,"Gohm, Rolf"
10,,,"MA10110/L/2/01, MT10110/L/2/01",Lecture,LECTURE,MP-0.11,30/10/2024 @ 10:00:00,30/10/2024 @ 11:00:00,Wednesday,"Cox, Simon"
10,,,"MA30210/L/1/01, MT30210/L/1/01",Lecture,LECTURE,LL-C64,30/10/2024 @ 10:00:00,30/10/2024 @ 11:00:00,Wednesday,"Douglas, Robert"
10,,MA34610 LECTURE 1,MA34610/L/1/01,Lecture,LECTURE,LL-C64,30/10/2024 @ 11:00:00,30/10/2024 @ 12:00:00,Wednesday,"Cox, Simon"
10,,,"MA20110/L/2/01, MT20110/L/2/01",Lecture,LECTURE,MP-0.10,30/10/2024 @ 11:00:00,30/10/2024 @ 12:00:00,Wednesday,"Douglas, Robert"
10,,MA26620 LECTURE 1,MA26620/L/1/01,Lecture,LECTURE,LL-G3,30/10/2024 @ 12:00:00,30/10/2024 @ 13:00:00,Wednesday,"Vellender, Adam"
10,,MA36510 LECTURE 1,MA36510/L/1/01,Lecture,LECTURE,MP-3.05,31/10/2024 @ 09:00:00,31/10/2024 @ 10:00:00,Thursday,"Kiukas, Jukka"
10,,MT39020 LECTURE 1,MT39020/L/1/01,Lecture,LECTURE,MP-3.05,31/10/2024 @ 10:00:00,31/10/2024 @ 11:00:00,Thursday,"Davies, Tudur"
10,,,"MA34110/L/2/01, MT34110/L/2/01",Lecture,LECTURE,LL-C64,31/10/2024 @ 11:00:00,31/10/2024 @ 12:00:00,Thursday,"Vellender, Adam"
10,,MAM5120 PRACTICAL 2,MAM5120/P/2/01,Practical,PRACTICAL,MP-3.03,31/10/2024 @ 12:00:00,31/10/2024 @ 14:00:00,Thursday,"Kenobi, Kim"
10,,,"MA10310/L/2/01, MT10310/L/2/01",Lecture,LECTURE,MP-0.10,31/10/2024 @ 12:00:00,31/10/2024 @ 13:00:00,Thursday,"Pitchford, Alexander"
10,,,"MA33310/L/2/01, MAM3320/L/2/01",Lecture,LECTURE,LL-C64,31/10/2024 @ 13:00:00,31/10/2024 @ 14:00:00,Thursday,"Peck, Daniel"
10,,,"MA10110/L/1/01, MT10110/L/1/01",Lecture,LECTURE,MP-0.10,31/10/2024 @ 14:00:00,31/10/2024 @ 15:00:00,Thursday,"Cox, Simon"
10,,,"MA32610/L/2/01, MAM2620/L/2/01",Lecture,LECTURE,LL-C64,31/10/2024 @ 14:00:00,31/10/2024 @ 15:00:00,Thursday,"Gohm, Rolf"
10,,MA15110 PRACTICAL 1,MA15110/P/1/01,Practical,PRACTICAL,VC-B1.07,31/10/2024 @ 16:00:00,31/10/2024 @ 18:00:00,Thursday,"Mughal, Adil;<br>Vellender, Adam;<br>Mishuris, Gennady;<br>Douglas, Robert"
10,,MA26620 PRACTICAL 1,MA26620/P/1/01,Practical,PRACTICAL,MP-3.03,01/11/2024 @ 09:00:00,01/11/2024 @ 11:00:00,Friday,"Kenobi, Kim;<br>Vellender, Adam"
10,,,"MA30210/L/3/01, MT30210/L/3/01",Lecture,LECTURE,LL-C64,01/11/2024 @ 09:00:00,01/11/2024 @ 10:00:00,Friday,"Douglas, Robert"
10,,MA10110 TUTORIAL 1,MA10110/T/1/01,Tutorial,TUTORIAL,MP-3.02,01/11/2024 @ 10:00:00,01/11/2024 @ 11:00:00,Friday,"Bufton, Zac"
10,,MA02610 LECTURE 2,MA02610/L/2/01,Lecture,LECTURE,LL-C64,01/11/2024 @ 11:00:00,01/11/2024 @ 12:00:00,Friday,"Mughal, Adil"
10,,MA10110 TUTORIAL 1,MA10110/T/1/02,Tutorial,TUTORIAL,MP-3.02,01/11/2024 @ 11:00:00,01/11/2024 @ 12:00:00,Friday,"Cox, Simon"
10,,MAM2620 LECTURE 3,MAM2620/L/3/01,Lecture,LECTURE,MP-3.05,01/11/2024 @ 11:00:00,01/11/2024 @ 12:00:00,Friday,"Gohm, Rolf"
10,,MA10110 TUTORIAL 1,MA10110/T/1/03,Tutorial,TUTORIAL,LL-G3A,01/11/2024 @ 12:00:00,01/11/2024 @ 13:00:00,Friday,"Cox, Simon"
10,,,"MA10510/L/1/01, MT10510/L/1/01",Lecture,LECTURE,LL-A6,01/11/2024 @ 12:00:00,01/11/2024 @ 13:00:00,Friday,"Evans, Gwion"
10,,,"MA34110/L/1/01, MT34110/L/1/01",Lecture,LECTURE,LL-C64,01/11/2024 @ 12:00:00,01/11/2024 @ 13:00:00,Friday,"Vellender, Adam"
10,,,"MP10610/L/1/01, MT10610/L/1/01",Lecture,LECTURE,MP-0.15,01/11/2024 @ 12:00:00,01/11/2024 @ 13:00:00,Friday,"Davies, Tudur"
10,,MA20310 LECTURE 1,MA20310/L/1/01,Lecture,LECTURE,MP-0.10,01/11/2024 @ 13:00:00,01/11/2024 @ 14:00:00,Friday,"Evans, Gwion"
10,,MA37810 LECTURE 1,MA37810/L/1/01,Lecture,LECTURE,MP-0.11,01/11/2024 @ 14:00:00,01/11/2024 @ 15:00:00,Friday,"Kenobi, Kim"
10,,MA10110 TUTORIAL 1,MA10110/T/1/04,Tutorial,TUTORIAL,MP-3.02,01/11/2024 @ 15:00:00,01/11/2024 @ 16:00:00,Friday,"Cox, Simon"
10,,MA26010 LECTURE 2,MA26010/L/2/01,Lecture,LECTURE,MP-0.11,01/11/2024 @ 15:00:00,01/11/2024 @ 16:00:00,Friday,"Kiukas, Jukka"
10,,MT10110 TUTORIAL 1,MT10110/T/1/01,Tutorial,TUTORIAL,MP-3.05,01/11/2024 @ 15:00:00,01/11/2024 @ 16:00:00,Friday,"Evans, Gwion;<br>Davies, Tudur"
10,,MA30110 LECTURE 2,MA30110/L/2/01,Lecture,LECTURE,LL-C64,01/11/2024 @ 16:00:00,01/11/2024 @ 17:00:00,Friday,"Gohm, Rolf"
11,,MA02610 LECTURE 1,MA02610/L/1/01,Lecture,LECTURE,LL-C64,04/11/2024 @ 09:00:00,04/11/2024 @ 10:00:00,Monday,"Mughal, Adil"
11,,MA10510 TUTORIAL 1,MA10510/T/1/07,Tutorial,TUTORIAL,MP-3.02,04/11/2024 @ 09:00:00,04/11/2024 @ 10:00:00,Monday,"Kiukas, Jukka"
11,,MA10510 TUTORIAL 1,MA10510/T/1/02,Tutorial,TUTORIAL,MP-3.02,04/11/2024 @ 10:00:00,04/11/2024 @ 11:00:00,Monday,"Cox, Simon"
11,,MT10510 TUTORIAL 1,MT10510/T/1/01,Tutorial,TUTORIAL,LL-C40,04/11/2024 @ 10:00:00,04/11/2024 @ 11:00:00,Monday,"Evans, Gwion"
11,,,"MA20110/L/1/01, MT20110/L/1/01",Lecture,LECTURE,MP-0.10,04/11/2024 @ 10:00:00,04/11/2024 @ 11:00:00,Monday,"Douglas, Robert"
11,,MA10510 TUTORIAL 1,MA10510/T/1/03,Tutorial,TUTORIAL,MP-3.02,04/11/2024 @ 11:00:00,04/11/2024 @ 12:00:00,Monday,"Vellender, Adam"
11,,MA10510 TUTORIAL 1,MA10510/T/1/05,Tutorial,TUTORIAL,MP-3.05,04/11/2024 @ 11:00:00,04/11/2024 @ 12:00:00,Monday,"Pitchford, Alexander"
11,,MA30510 LECTURE 2,MA30510/L/2/01,Lecture,LECTURE,LL-C64,04/11/2024 @ 11:00:00,04/11/2024 @ 12:00:00,Monday,"Mughal, Adil"
11,,,"MAM5120/L/1/01, PGM2810/L/1/01",Lecture,LECTURE,MP-0.15,04/11/2024 @ 11:00:00,04/11/2024 @ 12:00:00,Monday,"Kenobi, Kim"
11,,MA10510 TUTORIAL 1,MA10510/T/1/01,Tutorial,TUTORIAL,MP-3.02,04/11/2024 @ 12:00:00,04/11/2024 @ 13:00:00,Monday,"Kenobi, Kim"
11,,MA20310 LECTURE 3,MA20310/L/3/01,Lecture,LECTURE,LL-G3,04/11/2024 @ 13:00:00,04/11/2024 @ 14:00:00,Monday,"Evans, Gwion"
11,,MA02610 WORKSHOP 1,MA02610/W/1/01,Workshop,WORKSHOP,VC-B1.07,04/11/2024 @ 15:00:00,04/11/2024 @ 16:00:00,Monday,"Mughal, Adil"
11,,MA10510 TUTORIAL 1,MA10510/T/1/04,Tutorial,TUTORIAL,MP-3.05,04/11/2024 @ 15:00:00,04/11/2024 @ 16:00:00,Monday,"Douglas, Robert"
11,,MA34610 LECTURE 2,MA34610/L/2/01,Lecture,LECTURE,LL-C64,04/11/2024 @ 15:00:00,04/11/2024 @ 16:00:00,Monday,"Cox, Simon"
11,,,"MA10310/L/1/01, MT10310/L/1/01",Lecture,LECTURE,MP-0.10,04/11/2024 @ 16:00:00,04/11/2024 @ 17:00:00,Monday,"Pitchford, Alexander"
11,,MA10510 TUTORIAL 1,MA10510/T/1/06,Tutorial,TUTORIAL,GR-0.31,04/11/2024 @ 17:00:00,04/11/2024 @ 18:00:00,Monday,"Gohm, Rolf"
11,,,"MA30210/L/2/01, MT30210/L/2/01",Lecture,LECTURE,MP-0.11,04/11/2024 @ 17:00:00,04/11/2024 @ 18:00:00,Monday,"Douglas, Robert"
11,,MA26010 LECTURE 1,MA26010/L/1/01,Lecture,LECTURE,MP-3.02,05/11/2024 @ 09:00:00,05/11/2024 @ 10:00:00,Tuesday,"Kiukas, Jukka"
11,,MT39020 FIELD TRIP 1,MT39020/F/1/01,Field Trip,FIELD TRIP,,05/11/2024 @ 09:00:00,05/11/2024 @ 16:00:00,Tuesday,
11,,,"MA10510/L/2/01, MT10510/L/2/01",Lecture,LECTURE,MP-0.15,05/11/2024 @ 09:00:00,05/11/2024 @ 10:00:00,Tuesday,"Evans, Gwion"
11,,MA10720 SEMINAR 1,MA10720/S/1/01,Seminar,SEMINAR,VC-B1.07,05/11/2024 @ 10:00:00,05/11/2024 @ 12:00:00,Tuesday,"Kenobi, Kim;<br>Gohm, Rolf;<br>Cox, Simon"
11,,MA30510 LECTURE 1,MA30510/L/1/01,Lecture,LECTURE,HO-C6,05/11/2024 @ 10:00:00,05/11/2024 @ 11:00:00,Tuesday,"Mughal, Adil"
11,,,"MA32610/L/1/01, MAM2620/L/1/01",Lecture,LECTURE,LL-G3,05/11/2024 @ 11:00:00,05/11/2024 @ 12:00:00,Tuesday,"Gohm, Rolf"
11,,,"MA25220/P/1/01, MT25220/P/1/01",Practical,PRACTICAL,MP-3.03,05/11/2024 @ 12:00:00,05/11/2024 @ 14:00:00,Tuesday,"Davies, Tudur"
11,,,"MA33310/L/1/01, MAM3320/L/1/01",Lecture,LECTURE,MP-0.10,05/11/2024 @ 12:00:00,05/11/2024 @ 13:00:00,Tuesday,"Peck, Daniel"
11,,MT20110 TUTORIAL 1,MT20110/T/1/01,Tutorial,TUTORIAL,MP-3.05,05/11/2024 @ 13:00:00,05/11/2024 @ 14:00:00,Tuesday,"Evans, Gwion"
11,,MA01020 TUTORIAL 1,MA01020/T/1/01,Tutorial,TUTORIAL,MP-0.11,05/11/2024 @ 14:00:00,05/11/2024 @ 16:00:00,Tuesday,"Pitchford, Alexander;<br>Rogers, Rosemary"
11,,MA20310 LECTURE 2,MA20310/L/2/01,Lecture,LECTURE,EL-1.16,05/11/2024 @ 15:00:00,05/11/2024 @ 16:00:00,Tuesday,"Evans, Gwion"
11,,MA36510 LECTURE 2,MA36510/L/2/01,Lecture,LECTURE,MP-3.05,05/11/2024 @ 15:00:00,05/11/2024 @ 16:00:00,Tuesday,"Kiukas, Jukka"
11,,MAM3320 LECTURE 3,MAM3320/L/3/01,Lecture,LECTURE,MP-3.02,05/11/2024 @ 15:00:00,05/11/2024 @ 16:00:00,Tuesday,"Peck, Daniel"
11,,MA37810 LECTURE 2,MA37810/L/2/01,Lecture,LECTURE,GR-0.30,05/11/2024 @ 16:00:00,05/11/2024 @ 17:00:00,Tuesday,"Kenobi, Kim"
11,,,"MP10610/L/2/01, MT10610/L/2/01",Lecture,LECTURE,EL-0.26,05/11/2024 @ 16:00:00,05/11/2024 @ 17:00:00,Tuesday,"Davies, Tudur"
11,,MA30110 LECTURE 1,MA30110/L/1/01,Lecture,LECTURE,LL-C64,06/11/2024 @ 09:00:00,06/11/2024 @ 10:00:00,Wednesday,"Gohm, Rolf"
11,,FBaPS - RESEARCH COMMITTEE - GLENWEN MORGANS gsm,XS1/2 FBaPS RESEARCH JM MP-2.04,Booking,BOOKING,MP-2.04,06/11/2024 @ 10:00:00,06/11/2024 @ 11:00:00,Wednesday,
11,,,"MA10110/L/2/01, MT10110/L/2/01",Lecture,LECTURE,MP-0.11,06/11/2024 @ 10:00:00,06/11/2024 @ 11:00:00,Wednesday,"Cox, Simon"
11,,,"MA30210/L/1/01, MT30210/L/1/01",Lecture,LECTURE,LL-C64,06/11/2024 @ 10:00:00,06/11/2024 @ 11:00:00,Wednesday,"Douglas, Robert"
11,,MA34610 LECTURE 1,MA34610/L/1/01,Lecture,LECTURE,LL-C64,06/11/2024 @ 11:00:00,06/11/2024 @ 12:00:00,Wednesday,"Cox, Simon"
11,,MAM9720 WORKSHOP 3,MAM9720/W/3/01,Workshop,WORKSHOP,LL-C40,06/11/2024 @ 11:00:00,06/11/2024 @ 13:00:00,Wednesday,"Kenobi, Kim"
11,,,"MA20110/L/2/01, MT20110/L/2/01",Lecture,LECTURE,MP-0.10,06/11/2024 @ 11:00:00,06/11/2024 @ 12:00:00,Wednesday,"Douglas, Robert"
11,,MA26620 LECTURE 1,MA26620/L/1/01,Lecture,LECTURE,LL-G3,06/11/2024 @ 12:00:00,06/11/2024 @ 13:00:00,Wednesday,"Vellender, Adam"
11,,FBaPS - FACULTY EXECUTIVE - GLENWEN MORGANS gsm,XS1/2 FBaPS EXEC JM MP-2.04,Booking,BOOKING,MP-2.04,07/11/2024 @ 09:00:00,07/11/2024 @ 11:00:00,Thursday,
11,,MA36510 LECTURE 1,MA36510/L/1/01,Lecture,LECTURE,MP-3.05,07/11/2024 @ 09:00:00,07/11/2024 @ 10:00:00,Thursday,"Kiukas, Jukka"
11,,MT39020 LECTURE 1,MT39020/L/1/01,Lecture,LECTURE,MP-3.05,07/11/2024 @ 10:00:00,07/11/2024 @ 11:00:00,Thursday,"Davies, Tudur"
11,,,"MA34110/L/2/01, MT34110/L/2/01",Lecture,LECTURE,LL-C64,07/11/2024 @ 11:00:00,07/11/2024 @ 12:00:00,Thursday,"Vellender, Adam"
11,,,"MA10310/L/2/01, MT10310/L/2/01",Lecture,LECTURE,MP-0.10,07/11/2024 @ 12:00:00,07/11/2024 @ 13:00:00,Thursday,"Pitchford, Alexander"
11,,,"MAM5120/P/1/01, PGM2810/P/1/01",Practical,PRACTICAL,MP-3.03,07/11/2024 @ 12:00:00,07/11/2024 @ 14:00:00,Thursday,"Kenobi, Kim"
11,,,"MA33310/L/2/01, MAM3320/L/2/01",Lecture,LECTURE,LL-C64,07/11/2024 @ 13:00:00,07/11/2024 @ 14:00:00,Thursday,"Peck, Daniel"
11,,,"MA10110/L/1/01, MT10110/L/1/01",Lecture,LECTURE,MP-0.10,07/11/2024 @ 14:00:00,07/11/2024 @ 15:00:00,Thursday,"Cox, Simon"
11,,,"MA32610/L/2/01, MAM2620/L/2/01",Lecture,LECTURE,LL-C64,07/11/2024 @ 14:00:00,07/11/2024 @ 15:00:00,Thursday,"Gohm, Rolf"
11,,MT34110 TUTORIAL 1,MT34110/T/1/01,Tutorial,TUTORIAL,MP-3.02,07/11/2024 @ 15:00:00,07/11/2024 @ 16:00:00,Thursday,"Evans, Gwion"
11,,,"MAM5120/S/1/01, PGM2810/S/1/01",Seminar,SEMINAR,MP-0.10,07/11/2024 @ 15:00:00,07/11/2024 @ 16:00:00,Thursday,"Kenobi, Kim"
11,,MA15110 PRACTICAL 1,MA15110/P/1/01,Practical,PRACTICAL,VC-B1.07,07/11/2024 @ 16:00:00,07/11/2024 @ 18:00:00,Thursday,"Mughal, Adil;<br>Vellender, Adam;<br>Mishuris, Gennady;<br>Douglas, Robert"
11,,,"MA30210/L/3/01, MT30210/L/3/01",Lecture,LECTURE,LL-C64,08/11/2024 @ 09:00:00,08/11/2024 @ 10:00:00,Friday,"Douglas, Robert"
11,,MA10310 TUTORIAL 1,MA10310/T/1/03,Tutorial,TUTORIAL,MP-3.02,08/11/2024 @ 10:00:00,08/11/2024 @ 11:00:00,Friday,"Pitchford, Alexander;<br>Coles, Emily"
11,,MA02610 LECTURE 2,MA02610/L/2/01,Lecture,LECTURE,LL-C64,08/11/2024 @ 11:00:00,08/11/2024 @ 12:00:00,Friday,"Mughal, Adil"
11,,MA10310 TUTORIAL 1,MA10310/T/1/02,Tutorial,TUTORIAL,MP-3.02,08/11/2024 @ 11:00:00,08/11/2024 @ 12:00:00,Friday,"Pitchford, Alexander;<br>Coles, Emily"
11,,MAM2620 LECTURE 3,MAM2620/L/3/01,Lecture,LECTURE,MP-3.05,08/11/2024 @ 11:00:00,08/11/2024 @ 12:00:00,Friday,"Gohm, Rolf"
11,,,"MA10510/L/1/01, MT10510/L/1/01",Lecture,LECTURE,LL-A6,08/11/2024 @ 12:00:00,08/11/2024 @ 13:00:00,Friday,"Evans, Gwion"
11,,,"MA34110/L/1/01, MT34110/L/1/01",Lecture,LECTURE,LL-C64,08/11/2024 @ 12:00:00,08/11/2024 @ 13:00:00,Friday,"Vellender, Adam"
11,,,"MP10610/L/1/01, MT10610/L/1/01",Lecture,LECTURE,MP-0.15,08/11/2024 @ 12:00:00,08/11/2024 @ 13:00:00,Friday,"Davies, Tudur"
11,,MA10310 TUTORIAL 1,MA10310/T/1/01,Tutorial,TUTORIAL,MP-3.05,08/11/2024 @ 13:00:00,08/11/2024 @ 14:00:00,Friday,"Pitchford, Alexander;<br>Coles, Emily"
11,,MA20310 LECTURE 1,MA20310/L/1/01,Lecture,LECTURE,MP-0.10,08/11/2024 @ 13:00:00,08/11/2024 @ 14:00:00,Friday,"Evans, Gwion"
11,,MA37810 LECTURE 1,MA37810/L/1/01,Lecture,LECTURE,MP-0.11,08/11/2024 @ 14:00:00,08/11/2024 @ 15:00:00,Friday,"Kenobi, Kim"
11,,MA26010 LECTURE 2,MA26010/L/2/01,Lecture,LECTURE,MP-0.11,08/11/2024 @ 15:00:00,08/11/2024 @ 16:00:00,Friday,"Kiukas, Jukka"
11,,MT10310 TUTORIAL 1,MT10310/T/1/01,Tutorial,TUTORIAL,MP-3.05,08/11/2024 @ 15:00:00,08/11/2024 @ 16:00:00,Friday,"Jones, David"
11,,MA10310 TUTORIAL 1,MA10310/T/1/04,Tutorial,TUTORIAL,MP-3.02,08/11/2024 @ 16:00:00,08/11/2024 @ 17:00:00,Friday,"Coles, Emily;<br>Pitchford, Alexander"
11,,MA30110 LECTURE 2,MA30110/L/2/01,Lecture,LECTURE,LL-C64,08/11/2024 @ 16:00:00,08/11/2024 @ 17:00:00,Friday,"Gohm, Rolf"
11,,MATHS - MATHS WORKSHOP - HAYLEY OWEN hao9,XS1 MATHS JM MP-3.05,Booking,BOOKING,MP-3.05,09/11/2024 @ 10:00:00,09/11/2024 @ 13:00:00,Saturday,
12,,MA02610 LECTURE 1,MA02610/L/1/01,Lecture,LECTURE,LL-C64,11/11/2024 @ 09:00:00,11/11/2024 @ 10:00:00,Monday,"Mughal, Adil"
12,,MP10610 TUTORIAL 1,MP10610/T/1/06,Tutorial,TUTORIAL,MP-3.05,11/11/2024 @ 09:00:00,11/11/2024 @ 10:00:00,Monday,"Bufton, Zac"
12,,MT10610 TUTORIAL 1,MT10610/T/1/01,Tutorial,TUTORIAL,MP-3.02,11/11/2024 @ 09:00:00,11/11/2024 @ 10:00:00,Monday,"Davies, Tudur"
12,,MP10610 TUTORIAL 1,MP10610/T/1/07,Tutorial,TUTORIAL,MP-3.02,11/11/2024 @ 10:00:00,11/11/2024 @ 11:00:00,Monday,"Bufton, Zac"
12,,,"MA20110/L/1/01, MT20110/L/1/01",Lecture,LECTURE,MP-0.10,11/11/2024 @ 10:00:00,11/11/2024 @ 11:00:00,Monday,"Douglas, Robert"
12,,MA30510 LECTURE 2,MA30510/L/2/01,Lecture,LECTURE,LL-C64,11/11/2024 @ 11:00:00,11/11/2024 @ 12:00:00,Monday,"Mughal, Adil"
12,,MP10610 TUTORIAL 1,MP10610/T/1/05,Tutorial,TUTORIAL,MP-3.02,11/11/2024 @ 11:00:00,11/11/2024 @ 12:00:00,Monday,"Gwynne, Martyn"
12,,,"MAM5120/L/1/01, PGM2810/L/1/01",Lecture,LECTURE,MP-0.15,11/11/2024 @ 11:00:00,11/11/2024 @ 12:00:00,Monday,"Kenobi, Kim"
12,,MA15110 LECTURE 1,MA15110/L/1/01,Lecture,LECTURE,MP-3.02,11/11/2024 @ 12:00:00,11/11/2024 @ 13:00:00,Monday,"Mughal, Adil;<br>Vellender, Adam;<br>Mishuris, Gennady;<br>Douglas, Robert"
12,,MP10610 TUTORIAL 1,MP10610/T/1/02,Tutorial,TUTORIAL,MP-3.05,11/11/2024 @ 12:00:00,11/11/2024 @ 13:00:00,Monday,"Rogers, Rosemary"
12,,MA20310 LECTURE 3,MA20310/L/3/01,Lecture,LECTURE,LL-G3,11/11/2024 @ 13:00:00,11/11/2024 @ 14:00:00,Monday,"Evans, Gwion"
12,,MP10610 TUTORIAL 1,MP10610/T/1/04,Tutorial,TUTORIAL,MP-3.05,11/11/2024 @ 13:00:00,11/11/2024 @ 14:00:00,Monday,"Rogers, Rosemary"
12,,MA34610 LECTURE 2,MA34610/L/2/01,Lecture,LECTURE,LL-C64,11/11/2024 @ 15:00:00,11/11/2024 @ 16:00:00,Monday,"Cox, Simon"
12,,MP10610 TUTORIAL 1,MP10610/T/1/01,Tutorial,TUTORIAL,MP-3.05,11/11/2024 @ 15:00:00,11/11/2024 @ 16:00:00,Monday,"Gwynne, Martyn"
12,,MP10610 TUTORIAL 1,MP10610/T/1/08,Tutorial,TUTORIAL,HO-C4,11/11/2024 @ 15:00:00,11/11/2024 @ 16:00:00,Monday,"Rogers, Rosemary"
12,,,"MA10310/L/1/01, MT10310/L/1/01",Lecture,LECTURE,MP-0.10,11/11/2024 @ 16:00:00,11/11/2024 @ 17:00:00,Monday,"Pitchford, Alexander"
12,,MP10610 TUTORIAL 1,MP10610/T/1/03,Tutorial,TUTORIAL,MP-3.05,11/11/2024 @ 17:00:00,11/11/2024 @ 18:00:00,Monday,"Gwynne, Martyn"
12,,,"MA30210/L/2/01, MT30210/L/2/01",Lecture,LECTURE,MP-0.11,11/11/2024 @ 17:00:00,11/11/2024 @ 18:00:00,Monday,"Douglas, Robert"
12,,MA26010 LECTURE 1,MA26010/L/1/01,Lecture,LECTURE,MP-3.02,12/11/2024 @ 09:00:00,12/11/2024 @ 10:00:00,Tuesday,"Kiukas, Jukka"
12,,MT39020 FIELD TRIP 1,MT39020/F/1/01,Field Trip,FIELD TRIP,,12/11/2024 @ 09:00:00,12/11/2024 @ 16:00:00,Tuesday,
12,,,"MA10510/L/2/01, MT10510/L/2/01",Lecture,LECTURE,MP-0.15,12/11/2024 @ 09:00:00,12/11/2024 @ 10:00:00,Tuesday,"Evans, Gwion"
12,,MA10720 SEMINAR 1,MA10720/S/1/01,Seminar,SEMINAR,VC-B1.07,12/11/2024 @ 10:00:00,12/11/2024 @ 12:00:00,Tuesday,"Kenobi, Kim;<br>Gohm, Rolf;<br>Cox, Simon"
12,,MA30510 LECTURE 1,MA30510/L/1/01,Lecture,LECTURE,HO-C6,12/11/2024 @ 10:00:00,12/11/2024 @ 11:00:00,Tuesday,"Mughal, Adil"
12,,,"MA32610/L/1/01, MAM2620/L/1/01",Lecture,LECTURE,LL-G3,12/11/2024 @ 11:00:00,12/11/2024 @ 12:00:00,Tuesday,"Gohm, Rolf"
12,,,"MA25220/P/1/01, MT25220/P/1/01",Practical,PRACTICAL,MP-3.03,12/11/2024 @ 12:00:00,12/11/2024 @ 14:00:00,Tuesday,"Davies, Tudur"
12,,,"MA33310/L/1/01, MAM3320/L/1/01",Lecture,LECTURE,MP-0.10,12/11/2024 @ 12:00:00,12/11/2024 @ 13:00:00,Tuesday,"Peck, Daniel"
12,,MA01020 TUTORIAL 1,MA01020/T/1/01,Tutorial,TUTORIAL,MP-0.11,12/11/2024 @ 14:00:00,12/11/2024 @ 16:00:00,Tuesday,"Pitchford, Alexander;<br>Rogers, Rosemary"
12,,MA20310 LECTURE 2,MA20310/L/2/01,Lecture,LECTURE,EL-1.16,12/11/2024 @ 15:00:00,12/11/2024 @ 16:00:00,Tuesday,"Evans, Gwion"
12,,MA36510 LECTURE 2,MA36510/L/2/01,Lecture,LECTURE,MP-3.05,12/11/2024 @ 15:00:00,12/11/2024 @ 16:00:00,Tuesday,"Kiukas, Jukka"
12,,MAM3320 LECTURE 3,MAM3320/L/3/01,Lecture,LECTURE,MP-3.02,12/11/2024 @ 15:00:00,12/11/2024 @ 16:00:00,Tuesday,"Peck, Daniel"
12,,MA37810 LECTURE 2,MA37810/L/2/01,Lecture,LECTURE,GR-0.30,12/11/2024 @ 16:00:00,12/11/2024 @ 17:00:00,Tuesday,"Kenobi, Kim"
12,,,"MP10610/L/2/01, MT10610/L/2/01",Lecture,LECTURE,EL-0.26,12/11/2024 @ 16:00:00,12/11/2024 @ 17:00:00,Tuesday,"Davies, Tudur"
12,,MT30210 TUTORIAL 1,MT30210/T/1/01,Tutorial,TUTORIAL,MP-3.02,12/11/2024 @ 17:00:00,12/11/2024 @ 18:00:00,Tuesday,"Evans, Gwion"
12,,MA30110 LECTURE 1,MA30110/L/1/01,Lecture,LECTURE,LL-C64,13/11/2024 @ 09:00:00,13/11/2024 @ 10:00:00,Wednesday,"Gohm, Rolf"
12,,,"MA10110/L/2/01, MT10110/L/2/01",Lecture,LECTURE,MP-0.11,13/11/2024 @ 10:00:00,13/11/2024 @ 11:00:00,Wednesday,"Cox, Simon"
12,,,"MA30210/L/1/01, MT30210/L/1/01",Lecture,LECTURE,LL-C64,13/11/2024 @ 10:00:00,13/11/2024 @ 11:00:00,Wednesday,"Douglas, Robert"
12,,MA34610 LECTURE 1,MA34610/L/1/01,Lecture,LECTURE,LL-C64,13/11/2024 @ 11:00:00,13/11/2024 @ 12:00:00,Wednesday,"Cox, Simon"
12,,MAM9720 WORKSHOP 3,MAM9720/W/3/01,Workshop,WORKSHOP,LL-C40,13/11/2024 @ 11:00:00,13/11/2024 @ 13:00:00,Wednesday,"Kenobi, Kim"
12,,,"MA20110/L/2/01, MT20110/L/2/01",Lecture,LECTURE,MP-0.10,13/11/2024 @ 11:00:00,13/11/2024 @ 12:00:00,Wednesday,"Douglas, Robert"
12,,MA26620 LECTURE 1,MA26620/L/1/01,Lecture,LECTURE,LL-G3,13/11/2024 @ 12:00:00,13/11/2024 @ 13:00:00,Wednesday,"Vellender, Adam"
12,,MA36510 LECTURE 1,MA36510/L/1/01,Lecture,LECTURE,MP-3.05,14/11/2024 @ 09:00:00,14/11/2024 @ 10:00:00,Thursday,"Kiukas, Jukka"
12,,MT39020 LECTURE 1,MT39020/L/1/01,Lecture,LECTURE,MP-3.05,14/11/2024 @ 10:00:00,14/11/2024 @ 11:00:00,Thursday,"Davies, Tudur"
12,,,"MA34110/L/2/01, MT34110/L/2/01",Lecture,LECTURE,LL-C64,14/11/2024 @ 11:00:00,14/11/2024 @ 12:00:00,Thursday,"Vellender, Adam"
12,,,"MA10310/L/2/01, MT10310/L/2/01",Lecture,LECTURE,MP-0.10,14/11/2024 @ 12:00:00,14/11/2024 @ 13:00:00,Thursday,"Pitchford, Alexander"
12,,,"MAM5120/P/1/01, PGM2810/P/1/01",Practical,PRACTICAL,MP-3.03,14/11/2024 @ 12:00:00,14/11/2024 @ 14:00:00,Thursday,"Kenobi, Kim"
12,,,"MA33310/L/2/01, MAM3320/L/2/01",Lecture,LECTURE,LL-C64,14/11/2024 @ 13:00:00,14/11/2024 @ 14:00:00,Thursday,"Peck, Daniel"
12,,,"MA10110/L/1/01, MT10110/L/1/01",Lecture,LECTURE,MP-0.10,14/11/2024 @ 14:00:00,14/11/2024 @ 15:00:00,Thursday,"Cox, Simon"
12,,,"MA32610/L/2/01, MAM2620/L/2/01",Lecture,LECTURE,LL-C64,14/11/2024 @ 14:00:00,14/11/2024 @ 15:00:00,Thursday,"Gohm, Rolf"
12,,,"MAM5120/S/1/01, PGM2810/S/1/01",Seminar,SEMINAR,MP-0.10,14/11/2024 @ 15:00:00,14/11/2024 @ 16:00:00,Thursday,"Kenobi, Kim"
12,,MA15110 PRACTICAL 1,MA15110/P/1/01,Practical,PRACTICAL,VC-B1.07,14/11/2024 @ 16:00:00,14/11/2024 @ 18:00:00,Thursday,"Mughal, Adil;<br>Vellender, Adam;<br>Mishuris, Gennady;<br>Douglas, Robert"
12,,MA26620 PRACTICAL 1,MA26620/P/1/01,Practical,PRACTICAL,MP-3.03,15/11/2024 @ 09:00:00,15/11/2024 @ 11:00:00,Friday,"Kenobi, Kim;<br>Vellender, Adam"
12,,,"MA30210/L/3/01, MT30210/L/3/01",Lecture,LECTURE,LL-C64,15/11/2024 @ 09:00:00,15/11/2024 @ 10:00:00,Friday,"Douglas, Robert"
12,,MA10110 TUTORIAL 1,MA10110/T/1/01,Tutorial,TUTORIAL,MP-3.02,15/11/2024 @ 10:00:00,15/11/2024 @ 11:00:00,Friday,"Bufton, Zac"
12,,MA02610 LECTURE 2,MA02610/L/2/01,Lecture,LECTURE,LL-C64,15/11/2024 @ 11:00:00,15/11/2024 @ 12:00:00,Friday,"Mughal, Adil"
12,,MA10110 TUTORIAL 1,MA10110/T/1/02,Tutorial,TUTORIAL,MP-3.02,15/11/2024 @ 11:00:00,15/11/2024 @ 12:00:00,Friday,"Cox, Simon"
12,,MAM2620 LECTURE 3,MAM2620/L/3/01,Lecture,LECTURE,MP-3.05,15/11/2024 @ 11:00:00,15/11/2024 @ 12:00:00,Friday,"Gohm, Rolf"
12,,MA10110 TUTORIAL 1,MA10110/T/1/03,Tutorial,TUTORIAL,LL-G3A,15/11/2024 @ 12:00:00,15/11/2024 @ 13:00:00,Friday,"Cox, Simon"
12,,,"MA10510/L/1/01, MT10510/L/1/01",Lecture,LECTURE,LL-A6,15/11/2024 @ 12:00:00,15/11/2024 @ 13:00:00,Friday,"Evans, Gwion"
12,,,"MA34110/L/1/01, MT34110/L/1/01",Lecture,LECTURE,LL-C64,15/11/2024 @ 12:00:00,15/11/2024 @ 13:00:00,Friday,"Vellender, Adam"
12,,,"MP10610/L/1/01, MT10610/L/1/01",Lecture,LECTURE,MP-0.15,15/11/2024 @ 12:00:00,15/11/2024 @ 13:00:00,Friday,"Davies, Tudur"
12,,MA20310 LECTURE 1,MA20310/L/1/01,Lecture,LECTURE,MP-0.10,15/11/2024 @ 13:00:00,15/11/2024 @ 14:00:00,Friday,"Evans, Gwion"
12,,MA37810 LECTURE 1,MA37810/L/1/01,Lecture,LECTURE,MP-0.11,15/11/2024 @ 14:00:00,15/11/2024 @ 15:00:00,Friday,"Kenobi, Kim"
12,,MA10110 TUTORIAL 1,MA10110/T/1/04,Tutorial,TUTORIAL,MP-3.02,15/11/2024 @ 15:00:00,15/11/2024 @ 16:00:00,Friday,"Cox, Simon"
12,,MA26010 LECTURE 2,MA26010/L/2/01,Lecture,LECTURE,MP-0.11,15/11/2024 @ 15:00:00,15/11/2024 @ 16:00:00,Friday,"Kiukas, Jukka"
12,,MT10110 TUTORIAL 1,MT10110/T/1/01,Tutorial,TUTORIAL,MP-3.05,15/11/2024 @ 15:00:00,15/11/2024 @ 16:00:00,Friday,"Evans, Gwion;<br>Davies, Tudur"
12,,MA30110 LECTURE 2,MA30110/L/2/01,Lecture,LECTURE,LL-C64,15/11/2024 @ 16:00:00,15/11/2024 @ 17:00:00,Friday,"Gohm, Rolf"
12,,MATHS - MATHS WORKSHOP - HAYLEY OWEN hao9,XS1 MATHS JM MP-3.05,Booking,BOOKING,MP-3.05,16/11/2024 @ 10:00:00,16/11/2024 @ 13:00:00,Saturday,
13,,MA02610 LECTURE 1,MA02610/L/1/01,Lecture,LECTURE,LL-C64,18/11/2024 @ 09:00:00,18/11/2024 @ 10:00:00,Monday,"Mughal, Adil"
13,,MA10510 TUTORIAL 1,MA10510/T/1/07,Tutorial,TUTORIAL,MP-3.02,18/11/2024 @ 09:00:00,18/11/2024 @ 10:00:00,Monday,"Kiukas, Jukka"
13,,MA10510 TUTORIAL 1,MA10510/T/1/02,Tutorial,TUTORIAL,MP-3.02,18/11/2024 @ 10:00:00,18/11/2024 @ 11:00:00,Monday,"Cox, Simon"
13,,MT10510 TUTORIAL 1,MT10510/T/1/01,Tutorial,TUTORIAL,LL-C40,18/11/2024 @ 10:00:00,18/11/2024 @ 11:00:00,Monday,"Evans, Gwion"
13,,,"MA20110/L/1/01, MT20110/L/1/01",Lecture,LECTURE,MP-0.10,18/11/2024 @ 10:00:00,18/11/2024 @ 11:00:00,Monday,"Douglas, Robert"
13,,MA10510 TUTORIAL 1,MA10510/T/1/03,Tutorial,TUTORIAL,MP-3.02,18/11/2024 @ 11:00:00,18/11/2024 @ 12:00:00,Monday,"Vellender, Adam"
13,,MA10510 TUTORIAL 1,MA10510/T/1/05,Tutorial,TUTORIAL,MP-3.05,18/11/2024 @ 11:00:00,18/11/2024 @ 12:00:00,Monday,"Pitchford, Alexander"
13,,MA30510 LECTURE 2,MA30510/L/2/01,Lecture,LECTURE,LL-C64,18/11/2024 @ 11:00:00,18/11/2024 @ 12:00:00,Monday,"Mughal, Adil"
13,,,"MAM5120/L/1/01, PGM2810/L/1/01",Lecture,LECTURE,MP-0.15,18/11/2024 @ 11:00:00,18/11/2024 @ 12:00:00,Monday,"Kenobi, Kim"
13,,MA10510 TUTORIAL 1,MA10510/T/1/01,Tutorial,TUTORIAL,MP-3.02,18/11/2024 @ 12:00:00,18/11/2024 @ 13:00:00,Monday,"Kenobi, Kim"
13,,MA20310 LECTURE 3,MA20310/L/3/01,Lecture,LECTURE,LL-G3,18/11/2024 @ 13:00:00,18/11/2024 @ 14:00:00,Monday,"Evans, Gwion"
13,,MA02610 WORKSHOP 1,MA02610/W/1/01,Workshop,WORKSHOP,VC-B1.07,18/11/2024 @ 15:00:00,18/11/2024 @ 16:00:00,Monday,"Mughal, Adil"
13,,MA10510 TUTORIAL 1,MA10510/T/1/04,Tutorial,TUTORIAL,MP-3.05,18/11/2024 @ 15:00:00,18/11/2024 @ 16:00:00,Monday,"Douglas, Robert"
13,,MA34610 LECTURE 2,MA34610/L/2/01,Lecture,LECTURE,LL-C64,18/11/2024 @ 15:00:00,18/11/2024 @ 16:00:00,Monday,"Cox, Simon"
13,,MAM5120 SEMINAR 3,MAM5120/S/3/01,Seminar,SEMINAR,HO-C22,18/11/2024 @ 16:00:00,18/11/2024 @ 17:00:00,Monday,"Kenobi, Kim"
13,,,"MA10310/L/1/01, MT10310/L/1/01",Lecture,LECTURE,MP-0.10,18/11/2024 @ 16:00:00,18/11/2024 @ 17:00:00,Monday,"Pitchford, Alexander"
13,,MA10510 TUTORIAL 1,MA10510/T/1/06,Tutorial,TUTORIAL,GR-0.31,18/11/2024 @ 17:00:00,18/11/2024 @ 18:00:00,Monday,"Gohm, Rolf"
13,,,"MA30210/L/2/01, MT30210/L/2/01",Lecture,LECTURE,MP-0.11,18/11/2024 @ 17:00:00,18/11/2024 @ 18:00:00,Monday,"Douglas, Robert"
13,,MA26010 LECTURE 1,MA26010/L/1/01,Lecture,LECTURE,MP-3.02,19/11/2024 @ 09:00:00,19/11/2024 @ 10:00:00,Tuesday,"Kiukas, Jukka"
13,,MT39020 FIELD TRIP 1,MT39020/F/1/01,Field Trip,FIELD TRIP,,19/11/2024 @ 09:00:00,19/11/2024 @ 16:00:00,Tuesday,
13,,,"MA10510/L/2/01, MT10510/L/2/01",Lecture,LECTURE,MP-0.15,19/11/2024 @ 09:00:00,19/11/2024 @ 10:00:00,Tuesday,"Evans, Gwion"
13,,MA10720 SEMINAR 1,MA10720/S/1/01,Seminar,SEMINAR,VC-B1.07,19/11/2024 @ 10:00:00,19/11/2024 @ 12:00:00,Tuesday,"Kenobi, Kim;<br>Gohm, Rolf;<br>Cox, Simon"
13,,MA30510 LECTURE 1,MA30510/L/1/01,Lecture,LECTURE,HO-C6,19/11/2024 @ 10:00:00,19/11/2024 @ 11:00:00,Tuesday,"Mughal, Adil"
13,,,"MA32610/L/1/01, MAM2620/L/1/01",Lecture,LECTURE,LL-G3,19/11/2024 @ 11:00:00,19/11/2024 @ 12:00:00,Tuesday,"Gohm, Rolf"
13,,,"MA25220/P/1/01, MT25220/P/1/01",Practical,PRACTICAL,MP-3.03,19/11/2024 @ 12:00:00,19/11/2024 @ 14:00:00,Tuesday,"Davies, Tudur"
13,,,"MA33310/L/1/01, MAM3320/L/1/01",Lecture,LECTURE,MP-0.10,19/11/2024 @ 12:00:00,19/11/2024 @ 13:00:00,Tuesday,"Peck, Daniel"
13,,MT20110 TUTORIAL 1,MT20110/T/1/01,Tutorial,TUTORIAL,MP-3.05,19/11/2024 @ 13:00:00,19/11/2024 @ 14:00:00,Tuesday,"Evans, Gwion"
13,,MA01020 TUTORIAL 1,MA01020/T/1/01,Tutorial,TUTORIAL,MP-0.11,19/11/2024 @ 14:00:00,19/11/2024 @ 16:00:00,Tuesday,"Pitchford, Alexander;<br>Rogers, Rosemary"
13,,MA20310 LECTURE 2,MA20310/L/2/01,Lecture,LECTURE,EL-1.16,19/11/2024 @ 15:00:00,19/11/2024 @ 16:00:00,Tuesday,"Evans, Gwion"
13,,MA36510 LECTURE 2,MA36510/L/2/01,Lecture,LECTURE,MP-3.05,19/11/2024 @ 15:00:00,19/11/2024 @ 16:00:00,Tuesday,"Kiukas, Jukka"
13,,MAM3320 LECTURE 3,MAM3320/L/3/01,Lecture,LECTURE,MP-3.02,19/11/2024 @ 15:00:00,19/11/2024 @ 16:00:00,Tuesday,"Peck, Daniel"
13,,MA37810 LECTURE 2,MA37810/L/2/01,Lecture,LECTURE,GR-0.30,19/11/2024 @ 16:00:00,19/11/2024 @ 17:00:00,Tuesday,"Kenobi, Kim"
13,,,"MP10610/L/2/01, MT10610/L/2/01",Lecture,LECTURE,EL-0.26,19/11/2024 @ 16:00:00,19/11/2024 @ 17:00:00,Tuesday,"Davies, Tudur"
13,,MA30110 LECTURE 1,MA30110/L/1/01,Lecture,LECTURE,LL-C64,20/11/2024 @ 09:00:00,20/11/2024 @ 10:00:00,Wednesday,"Gohm, Rolf"
13,,FBaPS - RESEARCH COMMITTEE - GLENWEN MORGANS gsm,XS1/2 FBaPS RESEARCH JM MP-2.04,Booking,BOOKING,MP-2.04,20/11/2024 @ 10:00:00,20/11/2024 @ 11:00:00,Wednesday,
13,,,"MA10110/L/2/01, MT10110/L/2/01",Lecture,LECTURE,MP-0.11,20/11/2024 @ 10:00:00,20/11/2024 @ 11:00:00,Wednesday,"Cox, Simon"
13,,,"MA30210/L/1/01, MT30210/L/1/01",Lecture,LECTURE,LL-C64,20/11/2024 @ 10:00:00,20/11/2024 @ 11:00:00,Wednesday,"Douglas, Robert"
13,,MA34610 LECTURE 1,MA34610/L/1/01,Lecture,LECTURE,LL-C64,20/11/2024 @ 11:00:00,20/11/2024 @ 12:00:00,Wednesday,"Cox, Simon"
13,,,"MA20110/L/2/01, MT20110/L/2/01",Lecture,LECTURE,MP-0.10,20/11/2024 @ 11:00:00,20/11/2024 @ 12:00:00,Wednesday,"Douglas, Robert"
13,,MA26620 LECTURE 1,MA26620/L/1/01,Lecture,LECTURE,LL-G3,20/11/2024 @ 12:00:00,20/11/2024 @ 13:00:00,Wednesday,"Vellender, Adam"
13,,FBaPS - FACULTY EXECUTIVE - GLENWEN MORGANS gsm,XS1/2 FBaPS EXEC JM MP-2.04,Booking,BOOKING,MP-2.04,21/11/2024 @ 09:00:00,21/11/2024 @ 11:00:00,Thursday,
13,,MA36510 LECTURE 1,MA36510/L/1/01,Lecture,LECTURE,MP-3.05,21/11/2024 @ 09:00:00,21/11/2024 @ 10:00:00,Thursday,"Kiukas, Jukka"
13,,MT39020 LECTURE 1,MT39020/L/1/01,Lecture,LECTURE,MP-3.05,21/11/2024 @ 10:00:00,21/11/2024 @ 11:00:00,Thursday,"Davies, Tudur"
13,,,"MA34110/L/2/01, MT34110/L/2/01",Lecture,LECTURE,LL-C64,21/11/2024 @ 11:00:00,21/11/2024 @ 12:00:00,Thursday,"Vellender, Adam"
13,,,"MA10310/L/2/01, MT10310/L/2/01",Lecture,LECTURE,MP-0.10,21/11/2024 @ 12:00:00,21/11/2024 @ 13:00:00,Thursday,"Pitchford, Alexander"
13,,,"MAM5120/P/1/01, PGM2810/P/1/01",Practical,PRACTICAL,MP-3.03,21/11/2024 @ 12:00:00,21/11/2024 @ 14:00:00,Thursday,"Kenobi, Kim"
13,,,"MA33310/L/2/01, MAM3320/L/2/01",Lecture,LECTURE,LL-C64,21/11/2024 @ 13:00:00,21/11/2024 @ 14:00:00,Thursday,"Peck, Daniel"
13,,,"MA10110/L/1/01, MT10110/L/1/01",Lecture,LECTURE,MP-0.10,21/11/2024 @ 14:00:00,21/11/2024 @ 15:00:00,Thursday,"Cox, Simon"
13,,,"MA32610/L/2/01, MAM2620/L/2/01",Lecture,LECTURE,LL-C64,21/11/2024 @ 14:00:00,21/11/2024 @ 15:00:00,Thursday,"Gohm, Rolf"
13,,MT34110 TUTORIAL 1,MT34110/T/1/01,Tutorial,TUTORIAL,MP-3.02,21/11/2024 @ 15:00:00,21/11/2024 @ 16:00:00,Thursday,"Evans, Gwion"
13,,MA15110 PRACTICAL 1,MA15110/P/1/01,Practical,PRACTICAL,VC-B1.07,21/11/2024 @ 16:00:00,21/11/2024 @ 18:00:00,Thursday,"Mughal, Adil;<br>Vellender, Adam;<br>Mishuris, Gennady;<br>Douglas, Robert"
13,,,"MA30210/L/3/01, MT30210/L/3/01",Lecture,LECTURE,LL-C64,22/11/2024 @ 09:00:00,22/11/2024 @ 10:00:00,Friday,"Douglas, Robert"
13,,MA10310 TUTORIAL 1,MA10310/T/1/03,Tutorial,TUTORIAL,MP-3.02,22/11/2024 @ 10:00:00,22/11/2024 @ 11:00:00,Friday,"Pitchford, Alexander;<br>Coles, Emily"
13,,MA02610 LECTURE 2,MA02610/L/2/01,Lecture,LECTURE,LL-C64,22/11/2024 @ 11:00:00,22/11/2024 @ 12:00:00,Friday,"Mughal, Adil"
13,,MA10310 TUTORIAL 1,MA10310/T/1/02,Tutorial,TUTORIAL,MP-3.02,22/11/2024 @ 11:00:00,22/11/2024 @ 12:00:00,Friday,"Pitchford, Alexander;<br>Coles, Emily"
13,,MAM2620 LECTURE 3,MAM2620/L/3/01,Lecture,LECTURE,MP-3.05,22/11/2024 @ 11:00:00,22/11/2024 @ 12:00:00,Friday,"Gohm, Rolf"
13,,,"MA10510/L/1/01, MT10510/L/1/01",Lecture,LECTURE,LL-A6,22/11/2024 @ 12:00:00,22/11/2024 @ 13:00:00,Friday,"Evans, Gwion"
13,,,"MA34110/L/1/01, MT34110/L/1/01",Lecture,LECTURE,LL-C64,22/11/2024 @ 12:00:00,22/11/2024 @ 13:00:00,Friday,"Vellender, Adam"
13,,,"MP10610/L/1/01, MT10610/L/1/01",Lecture,LECTURE,MP-0.15,22/11/2024 @ 12:00:00,22/11/2024 @ 13:00:00,Friday,"Davies, Tudur"
13,,MA10310 TUTORIAL 1,MA10310/T/1/01,Tutorial,TUTORIAL,MP-3.05,22/11/2024 @ 13:00:00,22/11/2024 @ 14:00:00,Friday,"Pitchford, Alexander;<br>Coles, Emily"
13,,MA20310 LECTURE 1,MA20310/L/1/01,Lecture,LECTURE,MP-0.10,22/11/2024 @ 13:00:00,22/11/2024 @ 14:00:00,Friday,"Evans, Gwion"
13,,MA37810 LECTURE 1,MA37810/L/1/01,Lecture,LECTURE,MP-0.11,22/11/2024 @ 14:00:00,22/11/2024 @ 15:00:00,Friday,"Kenobi, Kim"
13,,MA26010 LECTURE 2,MA26010/L/2/01,Lecture,LECTURE,MP-0.11,22/11/2024 @ 15:00:00,22/11/2024 @ 16:00:00,Friday,"Kiukas, Jukka"
13,,MT10310 TUTORIAL 1,MT10310/T/1/01,Tutorial,TUTORIAL,MP-3.05,22/11/2024 @ 15:00:00,22/11/2024 @ 16:00:00,Friday,"Jones, David"
13,,MA10310 TUTORIAL 1,MA10310/T/1/04,Tutorial,TUTORIAL,MP-3.02,22/11/2024 @ 16:00:00,22/11/2024 @ 17:00:00,Friday,"Coles, Emily;<br>Pitchford, Alexander"
13,,MA30110 LECTURE 2,MA30110/L/2/01,Lecture,LECTURE,LL-C64,22/11/2024 @ 16:00:00,22/11/2024 @ 17:00:00,Friday,"Gohm, Rolf"
14,,MA02610 LECTURE 1,MA02610/L/1/01,Lecture,LECTURE,LL-C64,25/11/2024 @ 09:00:00,25/11/2024 @ 10:00:00,Monday,"Mughal, Adil"
14,,MP10610 TUTORIAL 1,MP10610/T/1/06,Tutorial,TUTORIAL,MP-3.05,25/11/2024 @ 09:00:00,25/11/2024 @ 10:00:00,Monday,"Bufton, Zac"
14,,MT10610 TUTORIAL 1,MT10610/T/1/01,Tutorial,TUTORIAL,MP-3.02,25/11/2024 @ 09:00:00,25/11/2024 @ 10:00:00,Monday,"Davies, Tudur"
14,,MP10610 TUTORIAL 1,MP10610/T/1/07,Tutorial,TUTORIAL,MP-3.02,25/11/2024 @ 10:00:00,25/11/2024 @ 11:00:00,Monday,"Bufton, Zac"
14,,,"MA20110/L/1/01, MT20110/L/1/01",Lecture,LECTURE,MP-0.10,25/11/2024 @ 10:00:00,25/11/2024 @ 11:00:00,Monday,"Douglas, Robert"
14,,MA30510 LECTURE 2,MA30510/L/2/01,Lecture,LECTURE,LL-C64,25/11/2024 @ 11:00:00,25/11/2024 @ 12:00:00,Monday,"Mughal, Adil"
14,,MAM5120 LECTURE 2,MAM5120/L/2/01,Lecture,LECTURE,MP-0.15,25/11/2024 @ 11:00:00,25/11/2024 @ 12:00:00,Monday,"Kenobi, Kim"
14,,MP10610 TUTORIAL 1,MP10610/T/1/05,Tutorial,TUTORIAL,MP-3.02,25/11/2024 @ 11:00:00,25/11/2024 @ 12:00:00,Monday,"Gwynne, Martyn"
14,,MA15110 LECTURE 1,MA15110/L/1/01,Lecture,LECTURE,MP-3.02,25/11/2024 @ 12:00:00,25/11/2024 @ 13:00:00,Monday,"Mughal, Adil;<br>Vellender, Adam;<br>Mishuris, Gennady;<br>Douglas, Robert"
14,,MP10610 TUTORIAL 1,MP10610/T/1/02,Tutorial,TUTORIAL,MP-3.05,25/11/2024 @ 12:00:00,25/11/2024 @ 13:00:00,Monday,"Rogers, Rosemary"
14,,MA20310 LECTURE 3,MA20310/L/3/01,Lecture,LECTURE,LL-G3,25/11/2024 @ 13:00:00,25/11/2024 @ 14:00:00,Monday,"Evans, Gwion"
14,,MP10610 TUTORIAL 1,MP10610/T/1/04,Tutorial,TUTORIAL,MP-3.05,25/11/2024 @ 13:00:00,25/11/2024 @ 14:00:00,Monday,"Rogers, Rosemary"
14,,MA34610 LECTURE 2,MA34610/L/2/01,Lecture,LECTURE,LL-C64,25/11/2024 @ 15:00:00,25/11/2024 @ 16:00:00,Monday,"Cox, Simon"
14,,MP10610 TUTORIAL 1,MP10610/T/1/01,Tutorial,TUTORIAL,MP-3.05,25/11/2024 @ 15:00:00,25/11/2024 @ 16:00:00,Monday,"Gwynne, Martyn"
14,,MP10610 TUTORIAL 1,MP10610/T/1/08,Tutorial,TUTORIAL,HO-C4,25/11/2024 @ 15:00:00,25/11/2024 @ 16:00:00,Monday,"Rogers, Rosemary"
14,,MAM5120 SEMINAR 3,MAM5120/S/3/01,Seminar,SEMINAR,HO-C22,25/11/2024 @ 16:00:00,25/11/2024 @ 17:00:00,Monday,"Kenobi, Kim"
14,,,"MA10310/L/1/01, MT10310/L/1/01",Lecture,LECTURE,MP-0.10,25/11/2024 @ 16:00:00,25/11/2024 @ 17:00:00,Monday,"Pitchford, Alexander"
14,,MP10610 TUTORIAL 1,MP10610/T/1/03,Tutorial,TUTORIAL,MP-3.05,25/11/2024 @ 17:00:00,25/11/2024 @ 18:00:00,Monday,"Gwynne, Martyn"
14,,,"MA30210/L/2/01, MT30210/L/2/01",Lecture,LECTURE,MP-0.11,25/11/2024 @ 17:00:00,25/11/2024 @ 18:00:00,Monday,"Douglas, Robert"
14,,MA26010 LECTURE 1,MA26010/L/1/01,Lecture,LECTURE,MP-3.02,26/11/2024 @ 09:00:00,26/11/2024 @ 10:00:00,Tuesday,"Kiukas, Jukka"
14,,MT39020 FIELD TRIP 1,MT39020/F/1/01,Field Trip,FIELD TRIP,,26/11/2024 @ 09:00:00,26/11/2024 @ 16:00:00,Tuesday,
14,,,"MA10510/L/2/01, MT10510/L/2/01",Lecture,LECTURE,MP-0.15,26/11/2024 @ 09:00:00,26/11/2024 @ 10:00:00,Tuesday,"Evans, Gwion"
14,,MA30510 LECTURE 1,MA30510/L/1/01,Lecture,LECTURE,HO-C6,26/11/2024 @ 10:00:00,26/11/2024 @ 11:00:00,Tuesday,"Mughal, Adil"
14,,,"MA32610/L/1/01, MAM2620/L/1/01",Lecture,LECTURE,LL-G3,26/11/2024 @ 11:00:00,26/11/2024 @ 12:00:00,Tuesday,"Gohm, Rolf"
14,,,"MA25220/P/1/01, MT25220/P/1/01",Practical,PRACTICAL,MP-3.03,26/11/2024 @ 12:00:00,26/11/2024 @ 14:00:00,Tuesday,"Davies, Tudur"
14,,,"MA33310/L/1/01, MAM3320/L/1/01",Lecture,LECTURE,MP-0.10,26/11/2024 @ 12:00:00,26/11/2024 @ 13:00:00,Tuesday,"Peck, Daniel"
14,,MA01020 TUTORIAL 1,MA01020/T/1/01,Tutorial,TUTORIAL,MP-0.11,26/11/2024 @ 14:00:00,26/11/2024 @ 16:00:00,Tuesday,"Pitchford, Alexander;<br>Rogers, Rosemary"
14,,MA20310 LECTURE 2,MA20310/L/2/01,Lecture,LECTURE,EL-1.16,26/11/2024 @ 15:00:00,26/11/2024 @ 16:00:00,Tuesday,"Evans, Gwion"
14,,MA36510 LECTURE 2,MA36510/L/2/01,Lecture,LECTURE,MP-3.05,26/11/2024 @ 15:00:00,26/11/2024 @ 16:00:00,Tuesday,"Kiukas, Jukka"
14,,MAM3320 LECTURE 3,MAM3320/L/3/01,Lecture,LECTURE,MP-3.02,26/11/2024 @ 15:00:00,26/11/2024 @ 16:00:00,Tuesday,"Peck, Daniel"
14,,MA37810 LECTURE 2,MA37810/L/2/01,Lecture,LECTURE,GR-0.30,26/11/2024 @ 16:00:00,26/11/2024 @ 17:00:00,Tuesday,"Kenobi, Kim"
14,,,"MP10610/L/2/01, MT10610/L/2/01",Lecture,LECTURE,EL-0.26,26/11/2024 @ 16:00:00,26/11/2024 @ 17:00:00,Tuesday,"Davies, Tudur"
14,,MT30210 TUTORIAL 1,MT30210/T/1/01,Tutorial,TUTORIAL,MP-3.02,26/11/2024 @ 17:00:00,26/11/2024 @ 18:00:00,Tuesday,"Evans, Gwion"
14,,MA30110 LECTURE 1,MA30110/L/1/01,Lecture,LECTURE,LL-C64,27/11/2024 @ 09:00:00,27/11/2024 @ 10:00:00,Wednesday,"Gohm, Rolf"
14,,,"MA10110/L/2/01, MT10110/L/2/01",Lecture,LECTURE,MP-0.11,27/11/2024 @ 10:00:00,27/11/2024 @ 11:00:00,Wednesday,"Cox, Simon"
14,,,"MA30210/L/1/01, MT30210/L/1/01",Lecture,LECTURE,LL-C64,27/11/2024 @ 10:00:00,27/11/2024 @ 11:00:00,Wednesday,"Douglas, Robert"
14,,MA34610 LECTURE 1,MA34610/L/1/01,Lecture,LECTURE,LL-C64,27/11/2024 @ 11:00:00,27/11/2024 @ 12:00:00,Wednesday,"Cox, Simon"
14,,,"MA20110/L/2/01, MT20110/L/2/01",Lecture,LECTURE,MP-0.10,27/11/2024 @ 11:00:00,27/11/2024 @ 12:00:00,Wednesday,"Douglas, Robert"
14,,MA26620 LECTURE 1,MA26620/L/1/01,Lecture,LECTURE,LL-G3,27/11/2024 @ 12:00:00,27/11/2024 @ 13:00:00,Wednesday,"Vellender, Adam"
14,,MA36510 LECTURE 1,MA36510/L/1/01,Lecture,LECTURE,MP-3.05,28/11/2024 @ 09:00:00,28/11/2024 @ 10:00:00,Thursday,"Kiukas, Jukka"
14,,MT39020 LECTURE 1,MT39020/L/1/01,Lecture,LECTURE,MP-3.05,28/11/2024 @ 10:00:00,28/11/2024 @ 11:00:00,Thursday,"Davies, Tudur"
14,,,"MA34110/L/2/01, MT34110/L/2/01",Lecture,LECTURE,LL-C64,28/11/2024 @ 11:00:00,28/11/2024 @ 12:00:00,Thursday,"Vellender, Adam"
14,,MAM5120 PRACTICAL 2,MAM5120/P/2/01,Practical,PRACTICAL,MP-3.03,28/11/2024 @ 12:00:00,28/11/2024 @ 14:00:00,Thursday,"Kenobi, Kim"
14,,,"MA10310/L/2/01, MT10310/L/2/01",Lecture,LECTURE,MP-0.10,28/11/2024 @ 12:00:00,28/11/2024 @ 13:00:00,Thursday,"Pitchford, Alexander"
14,,,"MA33310/L/2/01, MAM3320/L/2/01",Lecture,LECTURE,LL-C64,28/11/2024 @ 13:00:00,28/11/2024 @ 14:00:00,Thursday,"Peck, Daniel"
14,,,"MA10110/L/1/01, MT10110/L/1/01",Lecture,LECTURE,MP-0.10,28/11/2024 @ 14:00:00,28/11/2024 @ 15:00:00,Thursday,"Cox, Simon"
14,,,"MA32610/L/2/01, MAM2620/L/2/01",Lecture,LECTURE,LL-C64,28/11/2024 @ 14:00:00,28/11/2024 @ 15:00:00,Thursday,"Gohm, Rolf"
14,,MA15110 PRACTICAL 2,MA15110/P/2/01,Practical,PRACTICAL,MP-1.49,28/11/2024 @ 15:00:00,28/11/2024 @ 17:00:00,Thursday,"Douglas, Robert"
14,,MA26620 PRACTICAL 1,MA26620/P/1/01,Practical,PRACTICAL,MP-3.03,29/11/2024 @ 09:00:00,29/11/2024 @ 11:00:00,Friday,"Kenobi, Kim;<br>Vellender, Adam"
14,,,"MA30210/L/3/01, MT30210/L/3/01",Lecture,LECTURE,LL-C64,29/11/2024 @ 09:00:00,29/11/2024 @ 10:00:00,Friday,"Douglas, Robert"
14,,MA10110 TUTORIAL 1,MA10110/T/1/01,Tutorial,TUTORIAL,MP-3.02,29/11/2024 @ 10:00:00,29/11/2024 @ 11:00:00,Friday,"Bufton, Zac"
14,,MA02610 LECTURE 2,MA02610/L/2/01,Lecture,LECTURE,LL-C64,29/11/2024 @ 11:00:00,29/11/2024 @ 12:00:00,Friday,"Mughal, Adil"
14,,MA10110 TUTORIAL 1,MA10110/T/1/02,Tutorial,TUTORIAL,MP-3.02,29/11/2024 @ 11:00:00,29/11/2024 @ 12:00:00,Friday,"Cox, Simon"
14,,MAM2620 LECTURE 3,MAM2620/L/3/01,Lecture,LECTURE,MP-3.05,29/11/2024 @ 11:00:00,29/11/2024 @ 12:00:00,Friday,"Gohm, Rolf"
14,,MA10110 TUTORIAL 1,MA10110/T/1/03,Tutorial,TUTORIAL,LL-G3A,29/11/2024 @ 12:00:00,29/11/2024 @ 13:00:00,Friday,"Cox, Simon"
14,,,"MA10510/L/1/01, MT10510/L/1/01",Lecture,LECTURE,LL-A6,29/11/2024 @ 12:00:00,29/11/2024 @ 13:00:00,Friday,"Evans, Gwion"
14,,,"MA34110/L/1/01, MT34110/L/1/01",Lecture,LECTURE,LL-C64,29/11/2024 @ 12:00:00,29/11/2024 @ 13:00:00,Friday,"Vellender, Adam"
14,,,"MP10610/L/1/01, MT10610/L/1/01",Lecture,LECTURE,MP-0.15,29/11/2024 @ 12:00:00,29/11/2024 @ 13:00:00,Friday,"Davies, Tudur"
14,,MA20310 LECTURE 1,MA20310/L/1/01,Lecture,LECTURE,MP-0.10,29/11/2024 @ 13:00:00,29/11/2024 @ 14:00:00,Friday,"Evans, Gwion"
14,,MA37810 LECTURE 1,MA37810/L/1/01,Lecture,LECTURE,MP-0.11,29/11/2024 @ 14:00:00,29/11/2024 @ 15:00:00,Friday,"Kenobi, Kim"
14,,MA10110 TUTORIAL 1,MA10110/T/1/04,Tutorial,TUTORIAL,MP-3.02,29/11/2024 @ 15:00:00,29/11/2024 @ 16:00:00,Friday,"Cox, Simon"
14,,MA26010 LECTURE 2,MA26010/L/2/01,Lecture,LECTURE,MP-0.11,29/11/2024 @ 15:00:00,29/11/2024 @ 16:00:00,Friday,"Kiukas, Jukka"
14,,MT10110 TUTORIAL 1,MT10110/T/1/01,Tutorial,TUTORIAL,MP-3.05,29/11/2024 @ 15:00:00,29/11/2024 @ 16:00:00,Friday,"Evans, Gwion;<br>Davies, Tudur"
14,,MA30110 LECTURE 2,MA30110/L/2/01,Lecture,LECTURE,LL-C64,29/11/2024 @ 16:00:00,29/11/2024 @ 17:00:00,Friday,"Gohm, Rolf"
15,,MA02610 LECTURE 1,MA02610/L/1/01,Lecture,LECTURE,LL-C64,02/12/2024 @ 09:00:00,02/12/2024 @ 10:00:00,Monday,"Mughal, Adil"
15,,MA10510 TUTORIAL 1,MA10510/T/1/07,Tutorial,TUTORIAL,MP-3.02,02/12/2024 @ 09:00:00,02/12/2024 @ 10:00:00,Monday,"Kiukas, Jukka"
15,,MA10510 TUTORIAL 1,MA10510/T/1/02,Tutorial,TUTORIAL,MP-3.02,02/12/2024 @ 10:00:00,02/12/2024 @ 11:00:00,Monday,"Cox, Simon"
15,,MT10510 TUTORIAL 1,MT10510/T/1/01,Tutorial,TUTORIAL,LL-C40,02/12/2024 @ 10:00:00,02/12/2024 @ 11:00:00,Monday,"Evans, Gwion"
15,,,"MA20110/L/1/01, MT20110/L/1/01",Lecture,LECTURE,MP-0.10,02/12/2024 @ 10:00:00,02/12/2024 @ 11:00:00,Monday,"Douglas, Robert"
15,,MA10510 TUTORIAL 1,MA10510/T/1/03,Tutorial,TUTORIAL,MP-3.02,02/12/2024 @ 11:00:00,02/12/2024 @ 12:00:00,Monday,"Vellender, Adam"
15,,MA10510 TUTORIAL 1,MA10510/T/1/05,Tutorial,TUTORIAL,MP-3.05,02/12/2024 @ 11:00:00,02/12/2024 @ 12:00:00,Monday,"Pitchford, Alexander"
15,,MA30510 LECTURE 2,MA30510/L/2/01,Lecture,LECTURE,LL-C64,02/12/2024 @ 11:00:00,02/12/2024 @ 12:00:00,Monday,"Mughal, Adil"
15,,MAM5120 LECTURE 2,MAM5120/L/2/01,Lecture,LECTURE,MP-0.15,02/12/2024 @ 11:00:00,02/12/2024 @ 12:00:00,Monday,"Kenobi, Kim"
15,,MA10510 TUTORIAL 1,MA10510/T/1/01,Tutorial,TUTORIAL,MP-3.02,02/12/2024 @ 12:00:00,02/12/2024 @ 13:00:00,Monday,"Kenobi, Kim"
15,,MA20310 LECTURE 3,MA20310/L/3/01,Lecture,LECTURE,LL-G3,02/12/2024 @ 13:00:00,02/12/2024 @ 14:00:00,Monday,"Evans, Gwion"
15,,MA02610 WORKSHOP 1,MA02610/W/1/01,Workshop,WORKSHOP,VC-B1.07,02/12/2024 @ 15:00:00,02/12/2024 @ 16:00:00,Monday,"Mughal, Adil"
15,,MA10510 TUTORIAL 1,MA10510/T/1/04,Tutorial,TUTORIAL,MP-3.05,02/12/2024 @ 15:00:00,02/12/2024 @ 16:00:00,Monday,"Douglas, Robert"
15,,MA34610 LECTURE 2,MA34610/L/2/01,Lecture,LECTURE,LL-C64,02/12/2024 @ 15:00:00,02/12/2024 @ 16:00:00,Monday,"Cox, Simon"
15,,MAM5120 SEMINAR 3,MAM5120/S/3/01,Seminar,SEMINAR,HO-C22,02/12/2024 @ 16:00:00,02/12/2024 @ 17:00:00,Monday,"Kenobi, Kim"
15,,,"MA10310/L/1/01, MT10310/L/1/01",Lecture,LECTURE,MP-0.10,02/12/2024 @ 16:00:00,02/12/2024 @ 17:00:00,Monday,"Pitchford, Alexander"
15,,MA10510 TUTORIAL 1,MA10510/T/1/06,Tutorial,TUTORIAL,GR-0.31,02/12/2024 @ 17:00:00,02/12/2024 @ 18:00:00,Monday,"Gohm, Rolf"
15,,,"MA30210/L/2/01, MT30210/L/2/01",Lecture,LECTURE,MP-0.11,02/12/2024 @ 17:00:00,02/12/2024 @ 18:00:00,Monday,"Douglas, Robert"
15,,MA10720 TUTORIAL 1,MA10720/T/1/04,Tutorial,TUTORIAL,MP-3.05,03/12/2024 @ 09:00:00,03/12/2024 @ 11:00:00,Tuesday,"Cox, Simon"
15,,MA26010 LECTURE 1,MA26010/L/1/01,Lecture,LECTURE,MP-3.02,03/12/2024 @ 09:00:00,03/12/2024 @ 10:00:00,Tuesday,"Kiukas, Jukka"
15,,MT39020 FIELD TRIP 1,MT39020/F/1/01,Field Trip,FIELD TRIP,,03/12/2024 @ 09:00:00,03/12/2024 @ 16:00:00,Tuesday,
15,,,"MA10510/L/2/01, MT10510/L/2/01",Lecture,LECTURE,MP-0.15,03/12/2024 @ 09:00:00,03/12/2024 @ 10:00:00,Tuesday,"Evans, Gwion"
15,,MA10720 TUTORIAL 1,MA10720/T/1/05,Tutorial,TUTORIAL,MP-3.02,03/12/2024 @ 10:00:00,03/12/2024 @ 12:00:00,Tuesday,"Douglas, Robert"
15,,MA30510 LECTURE 1,MA30510/L/1/01,Lecture,LECTURE,HO-C6,03/12/2024 @ 10:00:00,03/12/2024 @ 11:00:00,Tuesday,"Mughal, Adil"
15,,,"MA32610/L/1/01, MAM2620/L/1/01",Lecture,LECTURE,LL-G3,03/12/2024 @ 11:00:00,03/12/2024 @ 12:00:00,Tuesday,"Gohm, Rolf"
15,,,"MA25220/P/1/01, MT25220/P/1/01",Practical,PRACTICAL,MP-3.03,03/12/2024 @ 12:00:00,03/12/2024 @ 14:00:00,Tuesday,"Davies, Tudur"
15,,,"MA33310/L/1/01, MAM3320/L/1/01",Lecture,LECTURE,MP-0.10,03/12/2024 @ 12:00:00,03/12/2024 @ 13:00:00,Tuesday,"Peck, Daniel"
15,,MT20110 TUTORIAL 1,MT20110/T/1/01,Tutorial,TUTORIAL,MP-3.05,03/12/2024 @ 13:00:00,03/12/2024 @ 14:00:00,Tuesday,"Evans, Gwion"
15,,MA01020 TUTORIAL 1,MA01020/T/1/01,Tutorial,TUTORIAL,MP-0.11,03/12/2024 @ 14:00:00,03/12/2024 @ 16:00:00,Tuesday,"Pitchford, Alexander;<br>Rogers, Rosemary"
15,,MA10720 TUTORIAL 1,MA10720/T/1/01,Tutorial,TUTORIAL,LL-C40,03/12/2024 @ 14:00:00,03/12/2024 @ 16:00:00,Tuesday,"Vellender, Adam"
15,,MA20310 LECTURE 2,MA20310/L/2/01,Lecture,LECTURE,EL-1.16,03/12/2024 @ 15:00:00,03/12/2024 @ 16:00:00,Tuesday,"Evans, Gwion"
15,,MA36510 LECTURE 2,MA36510/L/2/01,Lecture,LECTURE,MP-3.05,03/12/2024 @ 15:00:00,03/12/2024 @ 16:00:00,Tuesday,"Kiukas, Jukka"
15,,MAM3320 LECTURE 3,MAM3320/L/3/01,Lecture,LECTURE,MP-3.02,03/12/2024 @ 15:00:00,03/12/2024 @ 16:00:00,Tuesday,"Peck, Daniel"
15,,MA37810 LECTURE 2,MA37810/L/2/01,Lecture,LECTURE,GR-0.30,03/12/2024 @ 16:00:00,03/12/2024 @ 17:00:00,Tuesday,"Kenobi, Kim"
15,,,"MP10610/L/2/01, MT10610/L/2/01",Lecture,LECTURE,EL-0.26,03/12/2024 @ 16:00:00,03/12/2024 @ 17:00:00,Tuesday,"Davies, Tudur"
15,,MA30110 LECTURE 1,MA30110/L/1/01,Lecture,LECTURE,LL-C64,04/12/2024 @ 09:00:00,04/12/2024 @ 10:00:00,Wednesday,"Gohm, Rolf"
15,,MT10720 TUTORIAL 1,MT10720/T/1/01,Tutorial,TUTORIAL,MP-3.05,04/12/2024 @ 09:00:00,04/12/2024 @ 10:00:00,Wednesday,"Davies, Tudur"
15,,FBaPS - RESEARCH COMMITTEE - GLENWEN MORGANS gsm,XS1/2 FBaPS RESEARCH JM MP-2.04,Booking,BOOKING,MP-2.04,04/12/2024 @ 10:00:00,04/12/2024 @ 11:00:00,Wednesday,
15,,,"MA10110/L/2/01, MT10110/L/2/01",Lecture,LECTURE,MP-0.11,04/12/2024 @ 10:00:00,04/12/2024 @ 11:00:00,Wednesday,"Cox, Simon"
15,,,"MA30210/L/1/01, MT30210/L/1/01",Lecture,LECTURE,LL-C64,04/12/2024 @ 10:00:00,04/12/2024 @ 11:00:00,Wednesday,"Douglas, Robert"
15,,MA10720 TUTORIAL 1,MA10720/T/1/07,Tutorial,TUTORIAL,LL-C40,04/12/2024 @ 11:00:00,04/12/2024 @ 13:00:00,Wednesday,"Kiukas, Jukka"
15,,MA34610 LECTURE 1,MA34610/L/1/01,Lecture,LECTURE,LL-C64,04/12/2024 @ 11:00:00,04/12/2024 @ 12:00:00,Wednesday,"Cox, Simon"
15,,,"MA20110/L/2/01, MT20110/L/2/01",Lecture,LECTURE,MP-0.10,04/12/2024 @ 11:00:00,04/12/2024 @ 12:00:00,Wednesday,"Douglas, Robert"
15,,MA26620 LECTURE 1,MA26620/L/1/01,Lecture,LECTURE,LL-G3,04/12/2024 @ 12:00:00,04/12/2024 @ 13:00:00,Wednesday,"Vellender, Adam"
15,,FBaPS - FACULTY EXECUTIVE - GLENWEN MORGANS gsm,XS1/2 FBaPS EXEC JM MP-2.04,Booking,BOOKING,MP-2.04,05/12/2024 @ 09:00:00,05/12/2024 @ 11:00:00,Thursday,
15,,MA10720 TUTORIAL 1,MA10720/T/1/06,Tutorial,TUTORIAL,GR-0.31,05/12/2024 @ 09:00:00,05/12/2024 @ 11:00:00,Thursday,"Gohm, Rolf"
15,,MA36510 LECTURE 1,MA36510/L/1/01,Lecture,LECTURE,MP-3.05,05/12/2024 @ 09:00:00,05/12/2024 @ 10:00:00,Thursday,"Kiukas, Jukka"
15,,,"MA34110/L/2/01, MT34110/L/2/01",Lecture,LECTURE,LL-C64,05/12/2024 @ 11:00:00,05/12/2024 @ 12:00:00,Thursday,"Vellender, Adam"
15,,MAM5120 PRACTICAL 2,MAM5120/P/2/01,Practical,PRACTICAL,MP-3.03,05/12/2024 @ 12:00:00,05/12/2024 @ 14:00:00,Thursday,"Kenobi, Kim"
15,,MT39020 LECTURE 2,MT39020/L/2/01,Lecture,LECTURE,MP-3.02,05/12/2024 @ 12:00:00,05/12/2024 @ 14:00:00,Thursday,"Davies, Tudur"
15,,,"MA10310/L/2/01, MT10310/L/2/01",Lecture,LECTURE,MP-0.10,05/12/2024 @ 12:00:00,05/12/2024 @ 13:00:00,Thursday,"Pitchford, Alexander"
15,,,"MA33310/L/2/01, MAM3320/L/2/01",Lecture,LECTURE,LL-C64,05/12/2024 @ 13:00:00,05/12/2024 @ 14:00:00,Thursday,"Peck, Daniel"
15,,,"MA10110/L/1/01, MT10110/L/1/01",Lecture,LECTURE,MP-0.10,05/12/2024 @ 14:00:00,05/12/2024 @ 15:00:00,Thursday,"Cox, Simon"
15,,,"MA32610/L/2/01, MAM2620/L/2/01",Lecture,LECTURE,LL-C64,05/12/2024 @ 14:00:00,05/12/2024 @ 15:00:00,Thursday,"Gohm, Rolf"
15,,MT34110 TUTORIAL 1,MT34110/T/1/01,Tutorial,TUTORIAL,MP-3.02,05/12/2024 @ 15:00:00,05/12/2024 @ 16:00:00,Thursday,"Evans, Gwion"
15,,MA15110 PRACTICAL 1,MA15110/P/1/01,Practical,PRACTICAL,VC-B1.07,05/12/2024 @ 16:00:00,05/12/2024 @ 18:00:00,Thursday,"Mughal, Adil;<br>Vellender, Adam;<br>Mishuris, Gennady;<br>Douglas, Robert"
15,,MA10720 TUTORIAL 1,MA10720/T/1/03,Tutorial,TUTORIAL,LL-C26,06/12/2024 @ 09:00:00,06/12/2024 @ 11:00:00,Friday,"Kenobi, Kim"
15,,,"MA30210/L/3/01, MT30210/L/3/01",Lecture,LECTURE,LL-C64,06/12/2024 @ 09:00:00,06/12/2024 @ 10:00:00,Friday,"Douglas, Robert"
15,,MA10310 TUTORIAL 1,MA10310/T/1/03,Tutorial,TUTORIAL,MP-3.02,06/12/2024 @ 10:00:00,06/12/2024 @ 11:00:00,Friday,"Pitchford, Alexander;<br>Coles, Emily"
15,,MA02610 LECTURE 2,MA02610/L/2/01,Lecture,LECTURE,LL-C64,06/12/2024 @ 11:00:00,06/12/2024 @ 12:00:00,Friday,"Mughal, Adil"
15,,MA10310 TUTORIAL 1,MA10310/T/1/02,Tutorial,TUTORIAL,MP-3.02,06/12/2024 @ 11:00:00,06/12/2024 @ 12:00:00,Friday,"Pitchford, Alexander;<br>Coles, Emily"
15,,MAM2620 LECTURE 3,MAM2620/L/3/01,Lecture,LECTURE,MP-3.05,06/12/2024 @ 11:00:00,06/12/2024 @ 12:00:00,Friday,"Gohm, Rolf"
15,,,"MA10510/L/1/01, MT10510/L/1/01",Lecture,LECTURE,LL-A6,06/12/2024 @ 12:00:00,06/12/2024 @ 13:00:00,Friday,"Evans, Gwion"
15,,,"MA34110/L/1/01, MT34110/L/1/01",Lecture,LECTURE,LL-C64,06/12/2024 @ 12:00:00,06/12/2024 @ 13:00:00,Friday,"Vellender, Adam"
15,,,"MP10610/L/1/01, MT10610/L/1/01",Lecture,LECTURE,MP-0.15,06/12/2024 @ 12:00:00,06/12/2024 @ 13:00:00,Friday,"Davies, Tudur"
15,,MA10310 TUTORIAL 1,MA10310/T/1/01,Tutorial,TUTORIAL,MP-3.05,06/12/2024 @ 13:00:00,06/12/2024 @ 14:00:00,Friday,"Pitchford, Alexander;<br>Coles, Emily"
15,,MA20310 LECTURE 1,MA20310/L/1/01,Lecture,LECTURE,MP-0.10,06/12/2024 @ 13:00:00,06/12/2024 @ 14:00:00,Friday,"Evans, Gwion"
15,,MA10720 TUTORIAL 1,MA10720/T/1/02,Tutorial,TUTORIAL,MP-3.02,06/12/2024 @ 14:00:00,06/12/2024 @ 16:00:00,Friday,"Pitchford, Alexander"
15,,MA37810 LECTURE 1,MA37810/L/1/01,Lecture,LECTURE,MP-0.11,06/12/2024 @ 14:00:00,06/12/2024 @ 15:00:00,Friday,"Kenobi, Kim"
15,,MA26010 LECTURE 2,MA26010/L/2/01,Lecture,LECTURE,MP-0.11,06/12/2024 @ 15:00:00,06/12/2024 @ 16:00:00,Friday,"Kiukas, Jukka"
15,,MT10310 TUTORIAL 1,MT10310/T/1/01,Tutorial,TUTORIAL,MP-3.05,06/12/2024 @ 15:00:00,06/12/2024 @ 16:00:00,Friday,"Jones, David"
15,,MA10310 TUTORIAL 1,MA10310/T/1/04,Tutorial,TUTORIAL,MP-3.02,06/12/2024 @ 16:00:00,06/12/2024 @ 17:00:00,Friday,"Coles, Emily;<br>Pitchford, Alexander"
15,,MA30110 LECTURE 2,MA30110/L/2/01,Lecture,LECTURE,LL-C64,06/12/2024 @ 16:00:00,06/12/2024 @ 17:00:00,Friday,"Gohm, Rolf"
15,,MATHS - MATHS WORKSHOP - HAYLEY OWEN hao9,XS1 MATHS JM MP-3.05,Booking,BOOKING,MP-3.05,07/12/2024 @ 10:00:00,07/12/2024 @ 13:00:00,Saturday,
16,,MA02610 LECTURE 1,MA02610/L/1/01,Lecture,LECTURE,LL-C64,09/12/2024 @ 09:00:00,09/12/2024 @ 10:00:00,Monday,"Mughal, Adil"
16,,MP10610 TUTORIAL 1,MP10610/T/1/06,Tutorial,TUTORIAL,MP-3.05,09/12/2024 @ 09:00:00,09/12/2024 @ 10:00:00,Monday,"Bufton, Zac"
16,,MT10610 TUTORIAL 1,MT10610/T/1/01,Tutorial,TUTORIAL,MP-3.02,09/12/2024 @ 09:00:00,09/12/2024 @ 10:00:00,Monday,"Davies, Tudur"
16,,MP10610 TUTORIAL 1,MP10610/T/1/07,Tutorial,TUTORIAL,MP-3.02,09/12/2024 @ 10:00:00,09/12/2024 @ 11:00:00,Monday,"Bufton, Zac"
16,,,"MA20110/L/1/01, MT20110/L/1/01",Lecture,LECTURE,MP-0.10,09/12/2024 @ 10:00:00,09/12/2024 @ 11:00:00,Monday,"Douglas, Robert"
16,,MA30510 LECTURE 2,MA30510/L/2/01,Lecture,LECTURE,LL-C64,09/12/2024 @ 11:00:00,09/12/2024 @ 12:00:00,Monday,"Mughal, Adil"
16,,MP10610 TUTORIAL 1,MP10610/T/1/05,Tutorial,TUTORIAL,MP-3.02,09/12/2024 @ 11:00:00,09/12/2024 @ 12:00:00,Monday,"Gwynne, Martyn"
16,,MP10610 TUTORIAL 1,MP10610/T/1/02,Tutorial,TUTORIAL,MP-3.05,09/12/2024 @ 12:00:00,09/12/2024 @ 13:00:00,Monday,"Rogers, Rosemary"
16,,MA20310 LECTURE 3,MA20310/L/3/01,Lecture,LECTURE,LL-G3,09/12/2024 @ 13:00:00,09/12/2024 @ 14:00:00,Monday,"Evans, Gwion"
16,,MAM5120 SEMINAR 2,MAM5120/S/2/09,Seminar,SEMINAR,LL-B20,09/12/2024 @ 13:00:00,09/12/2024 @ 14:00:00,Monday,"Kenobi, Kim"
16,,MP10610 TUTORIAL 1,MP10610/T/1/04,Tutorial,TUTORIAL,MP-3.05,09/12/2024 @ 13:00:00,09/12/2024 @ 14:00:00,Monday,"Rogers, Rosemary"
16,,MA34610 LECTURE 2,MA34610/L/2/01,Lecture,LECTURE,LL-C64,09/12/2024 @ 15:00:00,09/12/2024 @ 16:00:00,Monday,"Cox, Simon"
16,,MAM5120 SEMINAR 2,MAM5120/S/2/04,Seminar,SEMINAR,LL-C26,09/12/2024 @ 15:00:00,09/12/2024 @ 16:00:00,Monday,"Kenobi, Kim"
16,,MP10610 TUTORIAL 1,MP10610/T/1/01,Tutorial,TUTORIAL,MP-3.05,09/12/2024 @ 15:00:00,09/12/2024 @ 16:00:00,Monday,"Gwynne, Martyn"
16,,MP10610 TUTORIAL 1,MP10610/T/1/08,Tutorial,TUTORIAL,HO-C4,09/12/2024 @ 15:00:00,09/12/2024 @ 16:00:00,Monday,"Rogers, Rosemary"
16,,,"MA10310/L/1/01, MT10310/L/1/01",Lecture,LECTURE,MP-0.10,09/12/2024 @ 16:00:00,09/12/2024 @ 17:00:00,Monday,"Pitchford, Alexander"
16,,MP10610 TUTORIAL 1,MP10610/T/1/03,Tutorial,TUTORIAL,MP-3.05,09/12/2024 @ 17:00:00,09/12/2024 @ 18:00:00,Monday,"Gwynne, Martyn"
16,,,"MA30210/L/2/01, MT30210/L/2/01",Lecture,LECTURE,MP-0.11,09/12/2024 @ 17:00:00,09/12/2024 @ 18:00:00,Monday,"Douglas, Robert"
16,,MA26010 LECTURE 1,MA26010/L/1/01,Lecture,LECTURE,MP-3.02,10/12/2024 @ 09:00:00,10/12/2024 @ 10:00:00,Tuesday,"Kiukas, Jukka"
16,,MAM5120 SEMINAR 2,MAM5120/S/2/07,Seminar,SEMINAR,GR-0.31,10/12/2024 @ 09:00:00,10/12/2024 @ 10:00:00,Tuesday,"Kenobi, Kim"
16,,MT39020 FIELD TRIP 1,MT39020/F/1/01,Field Trip,FIELD TRIP,,10/12/2024 @ 09:00:00,10/12/2024 @ 16:00:00,Tuesday,
16,,,"MA10510/L/2/01, MT10510/L/2/01",Lecture,LECTURE,MP-0.15,10/12/2024 @ 09:00:00,10/12/2024 @ 10:00:00,Tuesday,"Evans, Gwion"
16,,MA30510 LECTURE 1,MA30510/L/1/01,Lecture,LECTURE,HO-C6,10/12/2024 @ 10:00:00,10/12/2024 @ 11:00:00,Tuesday,"Mughal, Adil"
16,,,"MA32610/L/1/01, MAM2620/L/1/01",Lecture,LECTURE,LL-G3,10/12/2024 @ 11:00:00,10/12/2024 @ 12:00:00,Tuesday,"Gohm, Rolf"
16,,MAM5120 SEMINAR 2,MAM5120/S/2/06,Seminar,SEMINAR,LL-C26,10/12/2024 @ 12:00:00,10/12/2024 @ 13:00:00,Tuesday,"Kenobi, Kim"
16,,,"MA25220/P/1/01, MT25220/P/1/01",Practical,PRACTICAL,MP-3.03,10/12/2024 @ 12:00:00,10/12/2024 @ 14:00:00,Tuesday,"Davies, Tudur"
16,,,"MA33310/L/1/01, MAM3320/L/1/01",Lecture,LECTURE,MP-0.10,10/12/2024 @ 12:00:00,10/12/2024 @ 13:00:00,Tuesday,"Peck, Daniel"
16,,MA01020 TUTORIAL 1,MA01020/T/1/01,Tutorial,TUTORIAL,MP-0.11,10/12/2024 @ 14:00:00,10/12/2024 @ 16:00:00,Tuesday,"Pitchford, Alexander;<br>Rogers, Rosemary"
16,,MA20310 LECTURE 2,MA20310/L/2/01,Lecture,LECTURE,EL-1.16,10/12/2024 @ 15:00:00,10/12/2024 @ 16:00:00,Tuesday,"Evans, Gwion"
16,,MA36510 LECTURE 2,MA36510/L/2/01,Lecture,LECTURE,MP-3.05,10/12/2024 @ 15:00:00,10/12/2024 @ 16:00:00,Tuesday,"Kiukas, Jukka"
16,,MAM3320 LECTURE 3,MAM3320/L/3/01,Lecture,LECTURE,MP-3.02,10/12/2024 @ 15:00:00,10/12/2024 @ 16:00:00,Tuesday,"Peck, Daniel"
16,,MA37810 LECTURE 2,MA37810/L/2/01,Lecture,LECTURE,GR-0.30,10/12/2024 @ 16:00:00,10/12/2024 @ 17:00:00,Tuesday,"Kenobi, Kim"
16,,,"MP10610/L/2/01, MT10610/L/2/01",Lecture,LECTURE,EL-0.26,10/12/2024 @ 16:00:00,10/12/2024 @ 17:00:00,Tuesday,"Davies, Tudur"
16,,MA30110 LECTURE 1,MA30110/L/1/01,Lecture,LECTURE,LL-C64,11/12/2024 @ 09:00:00,11/12/2024 @ 10:00:00,Wednesday,"Gohm, Rolf"
16,,MAM5120 SEMINAR 2,MAM5120/S/2/01,Seminar,SEMINAR,MP-3.05,11/12/2024 @ 09:00:00,11/12/2024 @ 10:00:00,Wednesday,"Kenobi, Kim"
16,,,"MA10110/L/2/01, MT10110/L/2/01",Lecture,LECTURE,MP-0.11,11/12/2024 @ 10:00:00,11/12/2024 @ 11:00:00,Wednesday,"Cox, Simon"
16,,,"MA30210/L/1/01, MT30210/L/1/01",Lecture,LECTURE,LL-C64,11/12/2024 @ 10:00:00,11/12/2024 @ 11:00:00,Wednesday,"Douglas, Robert"
16,,MA34610 LECTURE 1,MA34610/L/1/01,Lecture,LECTURE,LL-C64,11/12/2024 @ 11:00:00,11/12/2024 @ 12:00:00,Wednesday,"Cox, Simon"
16,,MAM5120 SEMINAR 2,MAM5120/S/2/03,Seminar,SEMINAR,LL-B20,11/12/2024 @ 11:00:00,11/12/2024 @ 12:00:00,Wednesday,"Kenobi, Kim"
16,,,"MA20110/L/2/01, MT20110/L/2/01",Lecture,LECTURE,MP-0.10,11/12/2024 @ 11:00:00,11/12/2024 @ 12:00:00,Wednesday,"Douglas, Robert"
16,,MA26620 LECTURE 1,MA26620/L/1/01,Lecture,LECTURE,LL-G3,11/12/2024 @ 12:00:00,11/12/2024 @ 13:00:00,Wednesday,"Vellender, Adam"
16,,MAM5120 SEMINAR 2,MAM5120/S/2/02,Seminar,SEMINAR,LL-B20,11/12/2024 @ 12:00:00,11/12/2024 @ 13:00:00,Wednesday,"Kenobi, Kim"
16,,MA36510 LECTURE 1,MA36510/L/1/01,Lecture,LECTURE,MP-3.05,12/12/2024 @ 09:00:00,12/12/2024 @ 10:00:00,Thursday,"Kiukas, Jukka"
16,,MT39020 LECTURE 1,MT39020/L/1/01,Lecture,LECTURE,MP-3.05,12/12/2024 @ 10:00:00,12/12/2024 @ 11:00:00,Thursday,"Davies, Tudur"
16,,MAM5120 SEMINAR 2,MAM5120/S/2/05,Seminar,SEMINAR,GR-0.31,12/12/2024 @ 11:00:00,12/12/2024 @ 12:00:00,Thursday,"Kenobi, Kim"
16,,,"MA34110/L/2/01, MT34110/L/2/01",Lecture,LECTURE,LL-C64,12/12/2024 @ 11:00:00,12/12/2024 @ 12:00:00,Thursday,"Vellender, Adam"
16,,MAM5120 PRACTICAL 2,MAM5120/P/2/01,Practical,PRACTICAL,MP-3.03,12/12/2024 @ 12:00:00,12/12/2024 @ 14:00:00,Thursday,"Kenobi, Kim"
16,,,"MA10310/L/2/01, MT10310/L/2/01",Lecture,LECTURE,MP-0.10,12/12/2024 @ 12:00:00,12/12/2024 @ 13:00:00,Thursday,"Pitchford, Alexander"
16,,,"MA33310/L/2/01, MAM3320/L/2/01",Lecture,LECTURE,LL-C64,12/12/2024 @ 13:00:00,12/12/2024 @ 14:00:00,Thursday,"Peck, Daniel"
16,,,"MA10110/L/1/01, MT10110/L/1/01",Lecture,LECTURE,MP-0.10,12/12/2024 @ 14:00:00,12/12/2024 @ 15:00:00,Thursday,"Cox, Simon"
16,,,"MA32610/L/2/01, MAM2620/L/2/01",Lecture,LECTURE,LL-C64,12/12/2024 @ 14:00:00,12/12/2024 @ 15:00:00,Thursday,"Gohm, Rolf"
16,,MAM5120 SEMINAR 2,MAM5120/S/2/10,Seminar,SEMINAR,HO-C64,12/12/2024 @ 15:00:00,12/12/2024 @ 16:00:00,Thursday,"Kenobi, Kim"
16,,MA26620 PRACTICAL 1,MA26620/P/1/01,Practical,PRACTICAL,MP-3.03,13/12/2024 @ 09:00:00,13/12/2024 @ 11:00:00,Friday,"Kenobi, Kim;<br>Vellender, Adam"
16,,,"MA30210/L/3/01, MT30210/L/3/01",Lecture,LECTURE,LL-C64,13/12/2024 @ 09:00:00,13/12/2024 @ 10:00:00,Friday,"Douglas, Robert"
16,,MA02610 LECTURE 2,MA02610/L/2/01,Lecture,LECTURE,LL-C64,13/12/2024 @ 11:00:00,13/12/2024 @ 12:00:00,Friday,"Mughal, Adil"
16,,MAM2620 LECTURE 3,MAM2620/L/3/01,Lecture,LECTURE,MP-3.05,13/12/2024 @ 11:00:00,13/12/2024 @ 12:00:00,Friday,"Gohm, Rolf"
16,,MAM5120 SEMINAR 2,MAM5120/S/2/08,Seminar,SEMINAR,GR-0.31,13/12/2024 @ 12:00:00,13/12/2024 @ 13:00:00,Friday,"Kenobi, Kim"
16,,,"MA10510/L/1/01, MT10510/L/1/01",Lecture,LECTURE,LL-A6,13/12/2024 @ 12:00:00,13/12/2024 @ 13:00:00,Friday,"Evans, Gwion"
16,,,"MA34110/L/1/01, MT34110/L/1/01",Lecture,LECTURE,LL-C64,13/12/2024 @ 12:00:00,13/12/2024 @ 13:00:00,Friday,"Vellender, Adam"
16,,,"MP10610/L/1/01, MT10610/L/1/01",Lecture,LECTURE,MP-0.15,13/12/2024 @ 12:00:00,13/12/2024 @ 13:00:00,Friday,"Davies, Tudur"
16,,MA20310 LECTURE 1,MA20310/L/1/01,Lecture,LECTURE,MP-0.10,13/12/2024 @ 13:00:00,13/12/2024 @ 14:00:00,Friday,"Evans, Gwion"
16,,MA37810 LECTURE 1,MA37810/L/1/01,Lecture,LECTURE,MP-0.11,13/12/2024 @ 14:00:00,13/12/2024 @ 15:00:00,Friday,"Kenobi, Kim"
16,,MA26010 LECTURE 2,MA26010/L/2/01,Lecture,LECTURE,MP-0.11,13/12/2024 @ 15:00:00,13/12/2024 @ 16:00:00,Friday,"Kiukas, Jukka"
16,,MA30110 LECTURE 2,MA30110/L/2/01,Lecture,LECTURE,LL-C64,13/12/2024 @ 16:00:00,13/12/2024 @ 17:00:00,Friday,"Gohm, Rolf"
16,,MATHS - MATHS WORKSHOP - HAYLEY OWEN hao9,XS1 MATHS JM MP-3.05,Booking,BOOKING,MP-3.05,14/12/2024 @ 10:00:00,14/12/2024 @ 13:00:00,Saturday,
